2026-04-27 07:56:04,863 | INFO | === Weather Scan | mode=paper | bankroll=$100.00 ===
2026-04-27 07:56:07,052 | INFO | Found 407 weather sub-markets
2026-04-27 07:56:07,747 | INFO | [NYC] Will the highest temperature in New York City be b mkt=0.04 model=0.03 edge=+0.3% fee=$0.00 => skip $0.00
2026-04-27 07:56:07,748 | INFO | [NYC] Will the highest temperature in New York City be b mkt=0.24 model=0.26 edge=-2.5% fee=$0.00 => skip $0.00
2026-04-27 07:56:07,748 | INFO | [NYC] Will the highest temperature in New York City be b mkt=0.52 model=0.45 edge=+3.8% fee=$0.00 => skip $0.00
2026-04-27 07:56:07,748 | INFO | [NYC] Will the highest temperature in New York City be b mkt=0.11 model=0.26 edge=+10.1% fee=$0.11 => YES $2.45
2026-04-27 07:56:09,261 | INFO | [NYC] Will the highest temperature in New York City be b mkt=0.04 model=0.00 edge=+3.4% fee=$0.00 => skip $0.00
2026-04-27 07:56:09,786 | INFO | [NYC] Will the highest temperature in New York City be b mkt=0.06 model=0.06 edge=-4.3% fee=$0.00 => skip $0.00
2026-04-27 07:56:09,786 | INFO | [NYC] Will the highest temperature in New York City be b mkt=0.27 model=0.19 edge=+5.8% fee=$0.00 => skip $0.00
2026-04-27 07:56:09,786 | INFO | [NYC] Will the highest temperature in New York City be b mkt=0.40 model=0.55 edge=+12.3% fee=$0.12 => YES $3.80
2026-04-27 07:56:11,221 | INFO | [NYC] Will the highest temperature in New York City be b mkt=0.23 model=0.16 edge=+6.2% fee=$0.00 => skip $0.00
2026-04-27 07:56:11,221 | INFO | [NYC] Will the highest temperature in New York City be b mkt=0.03 model=0.03 edge=-0.0% fee=$0.00 => skip $0.00
2026-04-27 07:56:11,745 | INFO | [NYC] Will the highest temperature in New York City be 5 mkt=0.05 model=0.00 edge=+4.3% fee=$0.00 => skip $0.00
2026-04-27 07:56:11,745 | INFO | [NYC] Will the highest temperature in New York City be b mkt=0.07 model=0.06 edge=+0.7% fee=$0.00 => skip $0.00
2026-04-27 07:56:11,745 | INFO | [NYC] Will the highest temperature in New York City be b mkt=0.15 model=0.13 edge=+1.8% fee=$0.00 => skip $0.00
2026-04-27 07:56:11,745 | INFO | [NYC] Will the highest temperature in New York City be b mkt=0.29 model=0.13 edge=+15.1% fee=$0.07 => NO $5.00
2026-04-27 07:56:13,180 | INFO | [NYC] Will the highest temperature in New York City be b mkt=0.26 model=0.42 edge=+12.7% fee=$0.12 => YES $3.31
2026-04-27 07:56:14,639 | INFO | [NYC] Will the highest temperature in New York City be b mkt=0.14 model=0.26 edge=+8.0% fee=$0.00 => skip $0.00
2026-04-27 07:56:14,639 | INFO | [NYC] Will the highest temperature in New York City be b mkt=0.04 model=0.00 edge=+3.9% fee=$0.00 => skip $0.00
2026-04-27 07:56:29,784 | WARNING | Ensemble fetch failed for chicago 2026-04-27: HTTPSConnectionPool(host='ensemble-api.open-meteo.com', port=443): Read timed out. (read timeout=15)
2026-04-27 07:56:44,947 | WARNING | Ensemble fetch failed for chicago 2026-04-29: HTTPSConnectionPool(host='ensemble-api.open-meteo.com', port=443): Read timed out. (read timeout=15)
2026-04-27 07:57:00,110 | WARNING | Ensemble fetch failed for chicago 2026-04-28: HTTPSConnectionPool(host='ensemble-api.open-meteo.com', port=443): Read timed out. (read timeout=15)
2026-04-27 07:57:00,654 | INFO | [Miami] Will the highest temperature in Miami be between 8 mkt=0.03 model=0.26 edge=+18.3% fee=$0.17 => YES $3.57
2026-04-27 07:57:02,109 | INFO | [Miami] Will the highest temperature in Miami be between 8 mkt=0.17 model=0.74 edge=+53.5% fee=$0.21 => YES $5.00
2026-04-27 07:57:03,571 | INFO | [Miami] Will the highest temperature in Miami be between 8 mkt=0.55 model=0.00 edge=+51.8% fee=$0.14 => NO $5.00
2026-04-27 07:57:05,004 | INFO | [Miami] Will the highest temperature in Miami be between 8 mkt=0.22 model=0.00 edge=+20.9% fee=$0.06 => NO $5.00
2026-04-27 07:57:06,436 | INFO | [Miami] Will the highest temperature in Miami be between 9 mkt=0.04 model=0.00 edge=+3.8% fee=$0.00 => skip $0.00
2026-04-27 07:57:06,929 | INFO | [Miami] Will the highest temperature in Miami be between 8 mkt=0.03 model=0.26 edge=+18.2% fee=$0.17 => YES $3.56
2026-04-27 07:57:08,358 | INFO | [Miami] Will the highest temperature in Miami be between 8 mkt=0.27 model=0.74 edge=+43.5% fee=$0.18 => YES $5.00
2026-04-27 07:57:09,851 | INFO | [Miami] Will the highest temperature in Miami be between 8 mkt=0.47 model=0.00 edge=+45.1% fee=$0.12 => NO $5.00
2026-04-27 07:57:11,362 | INFO | [Miami] Will the highest temperature in Miami be between 8 mkt=0.21 model=0.00 edge=+20.4% fee=$0.05 => NO $5.00
2026-04-27 07:57:12,829 | INFO | [Miami] Will the highest temperature in Miami be between 8 mkt=0.03 model=0.00 edge=+2.8% fee=$0.00 => skip $0.00
2026-04-27 07:57:27,980 | WARNING | Ensemble fetch failed for miami 2026-04-29: HTTPSConnectionPool(host='ensemble-api.open-meteo.com', port=443): Read timed out. (read timeout=15)
2026-04-27 07:57:28,491 | INFO | [Los Angeles] Will the highest temperature in Los Angeles be bet mkt=0.08 model=0.87 edge=+74.5% fee=$0.23 => YES $5.00
2026-04-27 07:57:29,924 | INFO | [Los Angeles] Will the highest temperature in Los Angeles be bet mkt=0.41 model=0.10 edge=+28.8% fee=$0.10 => NO $5.00
2026-04-27 07:57:31,354 | INFO | [Los Angeles] Will the highest temperature in Los Angeles be bet mkt=0.42 model=0.00 edge=+39.9% fee=$0.10 => NO $5.00
2026-04-27 07:57:32,806 | INFO | [Los Angeles] Will the highest temperature in Los Angeles be bet mkt=0.09 model=0.00 edge=+8.6% fee=$0.02 => NO $5.00
2026-04-27 07:57:34,783 | INFO | [Los Angeles] Will the highest temperature in Los Angeles be bet mkt=0.04 model=0.45 edge=+35.9% fee=$0.24 => YES $5.00
2026-04-27 07:57:36,243 | INFO | [Los Angeles] Will the highest temperature in Los Angeles be bet mkt=0.24 model=0.48 edge=+20.6% fee=$0.18 => YES $4.81
2026-04-27 07:57:37,714 | INFO | [Los Angeles] Will the highest temperature in Los Angeles be bet mkt=0.34 model=0.03 edge=+28.6% fee=$0.08 => NO $5.00
2026-04-27 07:57:39,221 | INFO | [Los Angeles] Will the highest temperature in Los Angeles be 70° mkt=0.36 model=0.00 edge=+34.2% fee=$0.09 => NO $5.00
2026-04-27 07:57:55,847 | WARNING | Ensemble fetch failed for la 2026-04-29: HTTPSConnectionPool(host='ensemble-api.open-meteo.com', port=443): Read timed out. (read timeout=15)
2026-04-27 07:58:11,011 | WARNING | Ensemble fetch failed for denver 2026-04-27: HTTPSConnectionPool(host='ensemble-api.open-meteo.com', port=443): Read timed out. (read timeout=15)
2026-04-27 07:58:11,548 | INFO | [Denver] Will the highest temperature in Denver be 50°F or  mkt=0.97 model=1.00 edge=+2.6% fee=$0.00 => skip $0.00
2026-04-27 07:58:12,082 | INFO | [Denver] Will the highest temperature in Denver be between  mkt=0.02 model=0.00 edge=+2.1% fee=$0.00 => skip $0.00
2026-04-27 07:58:12,082 | INFO | [Denver] Will the highest temperature in Denver be between  mkt=0.08 model=0.03 edge=+4.4% fee=$0.00 => skip $0.00
2026-04-27 07:58:12,082 | INFO | [Denver] Will the highest temperature in Denver be 56°F or  mkt=0.93 model=0.97 edge=+3.9% fee=$0.00 => skip $0.00
2026-04-27 07:58:12,609 | INFO | [Paris] Will the highest temperature in Paris be 21°C on A mkt=0.16 model=0.42 edge=+21.7% fee=$0.19 => YES $4.63
2026-04-27 07:58:14,126 | INFO | [Paris] Will the highest temperature in Paris be 22°C on A mkt=0.53 model=0.03 edge=+47.1% fee=$0.13 => NO $5.00
2026-04-27 07:58:15,596 | INFO | [Paris] Will the highest temperature in Paris be 23°C on A mkt=0.23 model=0.00 edge=+21.9% fee=$0.06 => NO $5.00
2026-04-27 07:58:17,027 | INFO | [Paris] Will the highest temperature in Paris be 24°C on A mkt=0.03 model=0.00 edge=+3.2% fee=$0.00 => skip $0.00
2026-04-27 07:58:17,520 | INFO | [Paris] Will the highest temperature in Paris be 19°C on A mkt=0.04 model=0.10 edge=+1.4% fee=$0.00 => skip $0.00
2026-04-27 07:58:17,521 | INFO | [Paris] Will the highest temperature in Paris be 20°C on A mkt=0.12 model=0.39 edge=+22.8% fee=$0.20 => YES $4.61
2026-04-27 07:58:18,979 | INFO | [Paris] Will the highest temperature in Paris be 21°C on A mkt=0.34 model=0.16 edge=+15.7% fee=$0.08 => NO $5.00
2026-04-27 07:58:20,416 | INFO | [Paris] Will the highest temperature in Paris be 22°C on A mkt=0.33 model=0.00 edge=+30.9% fee=$0.08 => NO $5.00
2026-04-27 07:58:21,867 | INFO | [Paris] Will the highest temperature in Paris be 23°C on A mkt=0.14 model=0.03 edge=+10.5% fee=$0.04 => NO $5.00
2026-04-27 07:58:38,474 | WARNING | Ensemble fetch failed for paris 2026-04-29: HTTPSConnectionPool(host='ensemble-api.open-meteo.com', port=443): Read timed out. (read timeout=15)
2026-04-27 07:58:53,638 | WARNING | Ensemble fetch failed for seoul 2026-04-28: HTTPSConnectionPool(host='ensemble-api.open-meteo.com', port=443): Read timed out. (read timeout=15)
2026-04-27 07:59:08,802 | WARNING | Ensemble fetch failed for seoul 2026-04-29: HTTPSConnectionPool(host='ensemble-api.open-meteo.com', port=443): Read timed out. (read timeout=15)
2026-04-27 07:59:23,960 | WARNING | Ensemble fetch failed for shanghai 2026-04-27: HTTPSConnectionPool(host='ensemble-api.open-meteo.com', port=443): Read timed out. (read timeout=15)
2026-04-27 07:59:24,484 | INFO | [Shanghai] Will the highest temperature in Shanghai be 18°C o mkt=0.06 model=0.39 edge=+28.5% fee=$0.24 => YES $5.00
2026-04-27 07:59:25,947 | INFO | [Shanghai] Will the highest temperature in Shanghai be 19°C o mkt=0.21 model=0.06 edge=+14.0% fee=$0.05 => NO $5.00
2026-04-27 07:59:27,424 | INFO | [Shanghai] Will the highest temperature in Shanghai be 20°C o mkt=0.40 model=0.00 edge=+37.5% fee=$0.10 => NO $5.00
2026-04-27 07:59:28,914 | INFO | [Shanghai] Will the highest temperature in Shanghai be 21°C o mkt=0.23 model=0.00 edge=+21.4% fee=$0.06 => NO $5.00
2026-04-27 07:59:30,357 | INFO | [Shanghai] Will the highest temperature in Shanghai be 22°C o mkt=0.09 model=0.00 edge=+8.1% fee=$0.02 => NO $5.00
2026-04-27 07:59:31,799 | INFO | [Shanghai] Will the highest temperature in Shanghai be 23°C o mkt=0.03 model=0.00 edge=+3.3% fee=$0.00 => skip $0.00
2026-04-27 07:59:32,306 | INFO | [Shanghai] Will the highest temperature in Shanghai be 12°C o mkt=0.05 model=0.00 edge=+5.2% fee=$0.00 => skip $0.00
2026-04-27 07:59:32,307 | INFO | [Shanghai] Will the highest temperature in Shanghai be 13°C o mkt=0.15 model=0.06 edge=+8.3% fee=$0.04 => NO $5.00
2026-04-27 07:59:33,762 | INFO | [Shanghai] Will the highest temperature in Shanghai be 14°C o mkt=0.30 model=0.23 edge=+5.9% fee=$0.00 => skip $0.00
2026-04-27 07:59:33,762 | INFO | [Shanghai] Will the highest temperature in Shanghai be 15°C o mkt=0.28 model=0.48 edge=+16.3% fee=$0.15 => YES $4.17
2026-04-27 07:59:35,222 | INFO | [Shanghai] Will the highest temperature in Shanghai be 16°C o mkt=0.15 model=0.23 edge=+2.9% fee=$0.00 => skip $0.00
2026-04-27 07:59:35,223 | INFO | [Shanghai] Will the highest temperature in Shanghai be 17°C o mkt=0.03 model=0.00 edge=+3.1% fee=$0.00 => skip $0.00
2026-04-27 07:59:35,223 | INFO | Weather scan complete. Placed 34 trades.
2026-04-27 08:51:47,064 | INFO | === Weather Scan | mode=paper | bankroll=$100.00 ===
2026-04-27 08:51:52,194 | INFO | Found 396 weather sub-markets
2026-04-27 08:51:52,776 | INFO | [NYC] Will the highest temperature in New York City be b mkt=0.04 model=0.03 edge=+0.4% fee=$0.00 => skip $0.00
2026-04-27 08:51:52,776 | INFO | [NYC] Will the highest temperature in New York City be b mkt=0.24 model=0.26 edge=-2.5% fee=$0.00 => skip $0.00
2026-04-27 08:51:52,776 | INFO | [NYC] Will the highest temperature in New York City be b mkt=0.55 model=0.45 edge=+6.6% fee=$0.00 => skip $0.00
2026-04-27 08:51:52,777 | INFO | [NYC] Will the highest temperature in New York City be b mkt=0.03 model=0.00 edge=+3.0% fee=$0.00 => skip $0.00
2026-04-27 08:51:53,300 | INFO | [NYC] Will the highest temperature in New York City be b mkt=0.07 model=0.06 edge=-0.0% fee=$0.00 => skip $0.00
2026-04-27 08:51:53,301 | INFO | [NYC] Will the highest temperature in New York City be b mkt=0.27 model=0.19 edge=+5.8% fee=$0.00 => skip $0.00
2026-04-27 08:51:53,301 | INFO | [NYC] Will the highest temperature in New York City be b mkt=0.23 model=0.16 edge=+6.2% fee=$0.00 => skip $0.00
2026-04-27 08:51:53,301 | INFO | [NYC] Will the highest temperature in New York City be b mkt=0.03 model=0.03 edge=-4.7% fee=$0.00 => skip $0.00
2026-04-27 08:51:53,805 | INFO | [NYC] Will the highest temperature in New York City be 5 mkt=0.04 model=0.00 edge=+3.8% fee=$0.00 => skip $0.00
2026-04-27 08:51:53,805 | INFO | [NYC] Will the highest temperature in New York City be b mkt=0.07 model=0.06 edge=+0.7% fee=$0.00 => skip $0.00
2026-04-27 08:51:53,805 | INFO | [NYC] Will the highest temperature in New York City be b mkt=0.15 model=0.13 edge=+1.8% fee=$0.00 => skip $0.00
2026-04-27 08:51:53,805 | INFO | [NYC] Will the highest temperature in New York City be b mkt=0.12 model=0.26 edge=+9.9% fee=$0.11 => YES $2.42
2026-04-27 08:51:55,282 | INFO | [NYC] Will the highest temperature in New York City be b mkt=0.04 model=0.00 edge=+3.5% fee=$0.00 => skip $0.00
2026-04-27 08:51:55,759 | INFO | [Chicago] Will the highest temperature in Chicago be between mkt=0.04 model=0.00 edge=+3.8% fee=$0.00 => skip $0.00
2026-04-27 08:51:55,759 | INFO | [Chicago] Will the highest temperature in Chicago be between mkt=0.18 model=0.03 edge=+14.2% fee=$0.05 => NO $5.00
2026-04-27 08:51:57,200 | INFO | [Chicago] Will the highest temperature in Chicago be between mkt=0.23 model=0.10 edge=+12.2% fee=$0.06 => NO $5.00
2026-04-27 08:51:58,638 | INFO | [Chicago] Will the highest temperature in Chicago be between mkt=0.40 model=0.39 edge=-1.2% fee=$0.00 => skip $0.00
2026-04-27 08:51:58,638 | INFO | [Chicago] Will the highest temperature in Chicago be between mkt=0.04 model=0.19 edge=+10.8% fee=$0.12 => YES $2.43
2026-04-27 08:52:00,584 | INFO | [Chicago] Will the highest temperature in Chicago be between mkt=0.04 model=0.00 edge=+4.0% fee=$0.00 => skip $0.00
2026-04-27 08:52:00,584 | INFO | [Chicago] Will the highest temperature in Chicago be between mkt=0.05 model=0.00 edge=+4.7% fee=$0.00 => skip $0.00
2026-04-27 08:52:00,584 | INFO | [Chicago] Will the highest temperature in Chicago be between mkt=0.12 model=0.00 edge=+10.9% fee=$0.03 => NO $5.00
2026-04-27 08:52:02,020 | INFO | [Chicago] Will the highest temperature in Chicago be 56°F or mkt=0.75 model=1.00 edge=+23.8% fee=$0.06 => YES $5.00
2026-04-27 08:52:18,607 | WARNING | Ensemble fetch failed for chicago 2026-04-28: HTTPSConnectionPool(host='ensemble-api.open-meteo.com', port=443): Read timed out. (read timeout=15)
2026-04-27 08:52:33,765 | WARNING | Ensemble fetch failed for miami 2026-04-27: HTTPSConnectionPool(host='ensemble-api.open-meteo.com', port=443): Read timed out. (read timeout=15)
2026-04-27 08:52:34,289 | INFO | [Miami] Will the highest temperature in Miami be between 8 mkt=0.04 model=0.00 edge=+3.3% fee=$0.00 => skip $0.00
2026-04-27 08:52:34,791 | INFO | [Miami] Will the highest temperature in Miami be between 8 mkt=0.06 model=0.48 edge=+37.6% fee=$0.23 => YES $5.00
2026-04-27 08:52:36,230 | INFO | [Miami] Will the highest temperature in Miami be between 8 mkt=0.14 model=0.39 edge=+20.9% fee=$0.19 => YES $4.37
2026-04-27 08:52:37,684 | INFO | [Miami] Will the highest temperature in Miami be between 8 mkt=0.37 model=0.10 edge=+25.5% fee=$0.09 => NO $5.00
2026-04-27 08:52:39,129 | INFO | [Miami] Will the highest temperature in Miami be between 8 mkt=0.33 model=0.00 edge=+30.9% fee=$0.08 => NO $5.00
2026-04-27 08:52:40,584 | INFO | [Miami] Will the highest temperature in Miami be between 8 mkt=0.12 model=0.00 edge=+11.4% fee=$0.03 => NO $5.00
2026-04-27 08:52:42,060 | INFO | [Miami] Will the highest temperature in Miami be between 9 mkt=0.04 model=0.00 edge=+4.2% fee=$0.00 => skip $0.00
2026-04-27 08:52:57,225 | WARNING | Ensemble fetch failed for la 2026-04-29: HTTPSConnectionPool(host='ensemble-api.open-meteo.com', port=443): Read timed out. (read timeout=15)
2026-04-27 08:53:12,385 | WARNING | Ensemble fetch failed for denver 2026-04-27: HTTPSConnectionPool(host='ensemble-api.open-meteo.com', port=443): Read timed out. (read timeout=15)
2026-04-27 08:53:12,912 | INFO | [Denver] Will the highest temperature in Denver be between  mkt=0.02 model=0.00 edge=+2.2% fee=$0.00 => skip $0.00
2026-04-27 08:53:12,913 | INFO | [Denver] Will the highest temperature in Denver be between  mkt=0.08 model=0.03 edge=+4.4% fee=$0.00 => skip $0.00
2026-04-27 08:53:12,913 | INFO | [Denver] Will the highest temperature in Denver be 56°F or  mkt=0.93 model=0.97 edge=+3.9% fee=$0.00 => skip $0.00
2026-04-27 08:53:13,417 | INFO | [Denver] Will the highest temperature in Denver be 50°F or  mkt=0.97 model=1.00 edge=+3.0% fee=$0.00 => skip $0.00
2026-04-27 08:53:13,948 | INFO | [Paris] Will the highest temperature in Paris be 24°C on A mkt=0.03 model=0.00 edge=+2.8% fee=$0.00 => skip $0.00
2026-04-27 08:53:14,456 | INFO | [Paris] Will the highest temperature in Paris be 19°C on A mkt=0.03 model=0.10 edge=+2.1% fee=$0.00 => skip $0.00
2026-04-27 08:53:14,961 | INFO | [Paris] Will the highest temperature in Paris be 21°C on A mkt=0.03 model=0.23 edge=+15.2% fee=$0.15 => YES $3.09
2026-04-27 08:53:16,437 | INFO | [Paris] Will the highest temperature in Paris be 22°C on A mkt=0.14 model=0.06 edge=+7.3% fee=$0.00 => skip $0.00
2026-04-27 08:53:16,437 | INFO | [Paris] Will the highest temperature in Paris be 23°C on A mkt=0.33 model=0.03 edge=+27.6% fee=$0.08 => NO $5.00
2026-04-27 08:53:17,868 | INFO | [Paris] Will the highest temperature in Paris be 24°C on A mkt=0.30 model=0.00 edge=+28.5% fee=$0.08 => NO $5.00
2026-04-27 08:53:19,295 | INFO | [Paris] Will the highest temperature in Paris be 25°C on A mkt=0.10 model=0.00 edge=+9.0% fee=$0.02 => NO $5.00
2026-04-27 08:53:20,725 | INFO | [Paris] Will the highest temperature in Paris be 26°C or h mkt=0.02 model=0.00 edge=+2.0% fee=$0.00 => skip $0.00
2026-04-27 08:53:35,890 | WARNING | Ensemble fetch failed for seoul 2026-04-28: HTTPSConnectionPool(host='ensemble-api.open-meteo.com', port=443): Read timed out. (read timeout=15)
2026-04-27 08:53:51,054 | WARNING | Ensemble fetch failed for seoul 2026-04-29: HTTPSConnectionPool(host='ensemble-api.open-meteo.com', port=443): Read timed out. (read timeout=15)
2026-04-27 08:54:06,213 | WARNING | Ensemble fetch failed for shanghai 2026-04-28: HTTPSConnectionPool(host='ensemble-api.open-meteo.com', port=443): Read timed out. (read timeout=15)
2026-04-27 08:54:21,378 | WARNING | Ensemble fetch failed for shanghai 2026-04-29: HTTPSConnectionPool(host='ensemble-api.open-meteo.com', port=443): Read timed out. (read timeout=15)
2026-04-27 08:54:21,378 | INFO | Weather scan complete. Placed 15 trades.
2026-04-27 09:46:51,420 | INFO | === Weather Scan | mode=paper | bankroll=$100.00 ===
2026-04-27 09:46:57,243 | INFO | Found 396 weather sub-markets
2026-04-27 09:46:57,727 | INFO | [NYC] Will the highest temperature in New York City be b mkt=0.04 model=0.03 edge=+0.4% fee=$0.00 => skip $0.00
2026-04-27 09:46:57,728 | INFO | [NYC] Will the highest temperature in New York City be b mkt=0.23 model=0.26 edge=-0.6% fee=$0.00 => skip $0.00
2026-04-27 09:46:57,728 | INFO | [NYC] Will the highest temperature in New York City be b mkt=0.56 model=0.45 edge=+8.5% fee=$0.09 => NO $3.01
2026-04-27 09:46:59,246 | INFO | [NYC] Will the highest temperature in New York City be b mkt=0.02 model=0.00 edge=+2.2% fee=$0.00 => skip $0.00
2026-04-27 09:46:59,622 | INFO | [NYC] Will the highest temperature in New York City be b mkt=0.06 model=0.06 edge=-4.4% fee=$0.00 => skip $0.00
2026-04-27 09:46:59,622 | INFO | [NYC] Will the highest temperature in New York City be b mkt=0.27 model=0.19 edge=+6.3% fee=$0.00 => skip $0.00
2026-04-27 09:46:59,623 | INFO | [NYC] Will the highest temperature in New York City be b mkt=0.23 model=0.16 edge=+6.2% fee=$0.00 => skip $0.00
2026-04-27 09:46:59,623 | INFO | [NYC] Will the highest temperature in New York City be b mkt=0.03 model=0.03 edge=-4.7% fee=$0.00 => skip $0.00
2026-04-27 09:47:00,007 | INFO | [NYC] Will the highest temperature in New York City be 5 mkt=0.03 model=0.00 edge=+2.6% fee=$0.00 => skip $0.00
2026-04-27 09:47:00,007 | INFO | [NYC] Will the highest temperature in New York City be b mkt=0.05 model=0.06 edge=-3.3% fee=$0.00 => skip $0.00
2026-04-27 09:47:00,007 | INFO | [NYC] Will the highest temperature in New York City be b mkt=0.15 model=0.13 edge=+1.8% fee=$0.00 => skip $0.00
2026-04-27 09:47:00,008 | INFO | [NYC] Will the highest temperature in New York City be b mkt=0.04 model=0.00 edge=+3.4% fee=$0.00 => skip $0.00
2026-04-27 09:47:00,384 | INFO | [Chicago] Will the highest temperature in Chicago be between mkt=0.05 model=0.00 edge=+5.1% fee=$0.00 => skip $0.00
2026-04-27 09:47:00,384 | INFO | [Chicago] Will the highest temperature in Chicago be between mkt=0.34 model=0.39 edge=+1.9% fee=$0.00 => skip $0.00
2026-04-27 09:47:00,765 | INFO | [Chicago] Will the highest temperature in Chicago be between mkt=0.04 model=0.00 edge=+4.1% fee=$0.00 => skip $0.00
2026-04-27 09:47:00,765 | INFO | [Chicago] Will the highest temperature in Chicago be between mkt=0.06 model=0.00 edge=+5.5% fee=$0.00 => skip $0.00
2026-04-27 09:47:01,145 | INFO | [Miami] Will the highest temperature in Miami be between 9 mkt=0.05 model=0.00 edge=+4.5% fee=$0.00 => skip $0.00
2026-04-27 09:47:01,523 | INFO | [Miami] Will the highest temperature in Miami be between 8 mkt=0.03 model=0.00 edge=+3.1% fee=$0.00 => skip $0.00
2026-04-27 09:47:01,901 | INFO | [Los Angeles] Will the highest temperature in Los Angeles be bet mkt=0.06 model=0.03 edge=+2.0% fee=$0.00 => skip $0.00
2026-04-27 09:47:01,902 | INFO | [Los Angeles] Will the highest temperature in Los Angeles be bet mkt=0.13 model=0.19 edge=+2.0% fee=$0.00 => skip $0.00
2026-04-27 09:47:01,902 | INFO | [Los Angeles] Will the highest temperature in Los Angeles be bet mkt=0.23 model=0.29 edge=+2.2% fee=$0.00 => skip $0.00
2026-04-27 09:47:01,902 | INFO | [Los Angeles] Will the highest temperature in Los Angeles be bet mkt=0.24 model=0.39 edge=+10.4% fee=$0.11 => YES $2.82
2026-04-27 09:47:03,280 | INFO | [Los Angeles] Will the highest temperature in Los Angeles be 70° mkt=0.23 model=0.10 edge=+11.7% fee=$0.06 => NO $5.00
2026-04-27 09:47:19,772 | WARNING | Ensemble fetch failed for denver 2026-04-27: HTTPSConnectionPool(host='ensemble-api.open-meteo.com', port=443): Read timed out. (read timeout=15)
2026-04-27 09:47:34,884 | WARNING | Ensemble fetch failed for denver 2026-04-29: HTTPSConnectionPool(host='ensemble-api.open-meteo.com', port=443): Read timed out. (read timeout=15)
2026-04-27 09:47:50,013 | WARNING | Ensemble fetch failed for denver 2026-04-28: HTTPSConnectionPool(host='ensemble-api.open-meteo.com', port=443): Read timed out. (read timeout=15)
2026-04-27 09:47:50,392 | INFO | [Paris] Will the highest temperature in Paris be 20°C on A mkt=0.03 model=0.45 edge=+37.5% fee=$0.24 => YES $5.00
2026-04-27 09:47:51,751 | INFO | [Paris] Will the highest temperature in Paris be 24°C on A mkt=0.03 model=0.00 edge=+2.9% fee=$0.00 => skip $0.00
2026-04-27 09:47:52,139 | INFO | [Paris] Will the highest temperature in Paris be 19°C on A mkt=0.04 model=0.10 edge=+1.2% fee=$0.00 => skip $0.00
2026-04-27 09:47:52,529 | INFO | [Paris] Will the highest temperature in Paris be 22°C on A mkt=0.07 model=0.06 edge=+0.7% fee=$0.00 => skip $0.00
2026-04-27 09:47:52,529 | INFO | [Paris] Will the highest temperature in Paris be 26°C or h mkt=0.02 model=0.00 edge=+2.3% fee=$0.00 => skip $0.00
2026-04-27 09:47:52,909 | INFO | [Seoul] Will the highest temperature in Seoul be 14°C on A mkt=0.07 model=0.58 edge=+45.9% fee=$0.23 => YES $5.00
2026-04-27 09:47:54,240 | INFO | [Seoul] Will the highest temperature in Seoul be 15°C on A mkt=0.18 model=0.16 edge=+1.0% fee=$0.00 => skip $0.00
2026-04-27 09:47:54,241 | INFO | [Seoul] Will the highest temperature in Seoul be 16°C on A mkt=0.32 model=0.00 edge=+30.4% fee=$0.08 => NO $5.00
2026-04-27 09:47:55,596 | INFO | [Seoul] Will the highest temperature in Seoul be 17°C on A mkt=0.28 model=0.00 edge=+26.1% fee=$0.07 => NO $5.00
2026-04-27 09:47:56,927 | INFO | [Seoul] Will the highest temperature in Seoul be 18°C on A mkt=0.10 model=0.00 edge=+9.0% fee=$0.02 => NO $5.00
2026-04-27 09:47:58,270 | INFO | [Seoul] Will the highest temperature in Seoul be 19°C or h mkt=0.04 model=0.00 edge=+3.7% fee=$0.00 => skip $0.00
2026-04-27 09:48:13,388 | WARNING | Ensemble fetch failed for seoul 2026-04-29: HTTPSConnectionPool(host='ensemble-api.open-meteo.com', port=443): Read timed out. (read timeout=15)
2026-04-27 09:48:28,517 | WARNING | Ensemble fetch failed for shanghai 2026-04-28: HTTPSConnectionPool(host='ensemble-api.open-meteo.com', port=443): Read timed out. (read timeout=15)
2026-04-27 09:48:43,638 | WARNING | Ensemble fetch failed for shanghai 2026-04-29: HTTPSConnectionPool(host='ensemble-api.open-meteo.com', port=443): Read timed out. (read timeout=15)
2026-04-27 09:48:43,639 | INFO | Weather scan complete. Placed 8 trades.
2026-04-27 10:40:13,559 | INFO | === Weather Scan | mode=paper | bankroll=$100.00 ===
2026-04-27 10:40:19,616 | INFO | Found 396 weather sub-markets
2026-04-27 10:40:20,109 | INFO | [NYC] Will the highest temperature in New York City be b mkt=0.04 model=0.03 edge=+0.4% fee=$0.00 => skip $0.00
2026-04-27 10:40:20,110 | INFO | [NYC] Will the highest temperature in New York City be b mkt=0.23 model=0.26 edge=-0.6% fee=$0.00 => skip $0.00
2026-04-27 10:40:20,110 | INFO | [NYC] Will the highest temperature in New York City be b mkt=0.02 model=0.00 edge=+2.3% fee=$0.00 => skip $0.00
2026-04-27 10:40:20,500 | INFO | [NYC] Will the highest temperature in New York City be b mkt=0.06 model=0.06 edge=-4.2% fee=$0.00 => skip $0.00
2026-04-27 10:40:20,500 | INFO | [NYC] Will the highest temperature in New York City be b mkt=0.27 model=0.19 edge=+5.8% fee=$0.00 => skip $0.00
2026-04-27 10:40:20,500 | INFO | [NYC] Will the highest temperature in New York City be b mkt=0.23 model=0.16 edge=+6.2% fee=$0.00 => skip $0.00
2026-04-27 10:40:20,500 | INFO | [NYC] Will the highest temperature in New York City be b mkt=0.03 model=0.03 edge=-4.7% fee=$0.00 => skip $0.00
2026-04-27 10:40:20,894 | INFO | [NYC] Will the highest temperature in New York City be b mkt=0.04 model=0.06 edge=-1.9% fee=$0.00 => skip $0.00
2026-04-27 10:40:20,895 | INFO | [NYC] Will the highest temperature in New York City be b mkt=0.15 model=0.13 edge=+1.8% fee=$0.00 => skip $0.00
2026-04-27 10:40:20,895 | INFO | [NYC] Will the highest temperature in New York City be b mkt=0.05 model=0.00 edge=+4.3% fee=$0.00 => skip $0.00
2026-04-27 10:40:20,895 | INFO | [NYC] Will the highest temperature in New York City be b mkt=0.02 model=0.00 edge=+2.2% fee=$0.00 => skip $0.00
2026-04-27 10:40:21,281 | INFO | [Chicago] Will the highest temperature in Chicago be between mkt=0.05 model=0.00 edge=+4.5% fee=$0.00 => skip $0.00
2026-04-27 10:40:21,281 | INFO | [Chicago] Will the highest temperature in Chicago be between mkt=0.34 model=0.39 edge=+1.4% fee=$0.00 => skip $0.00
2026-04-27 10:40:21,282 | INFO | [Chicago] Will the highest temperature in Chicago be 72°F or mkt=0.02 model=0.29 edge=+21.8% fee=$0.20 => YES $4.10
2026-04-27 10:40:22,996 | INFO | [Chicago] Will the highest temperature in Chicago be between mkt=0.03 model=0.00 edge=+3.2% fee=$0.00 => skip $0.00
2026-04-27 10:40:22,996 | INFO | [Chicago] Will the highest temperature in Chicago be between mkt=0.04 model=0.00 edge=+4.1% fee=$0.00 => skip $0.00
2026-04-27 10:40:23,405 | INFO | [Miami] Will the highest temperature in Miami be between 8 mkt=0.03 model=0.00 edge=+2.8% fee=$0.00 => skip $0.00
2026-04-27 10:40:23,791 | INFO | [Los Angeles] Will the highest temperature in Los Angeles be bet mkt=0.06 model=0.03 edge=+2.0% fee=$0.00 => skip $0.00
2026-04-27 10:40:23,792 | INFO | [Los Angeles] Will the highest temperature in Los Angeles be bet mkt=0.13 model=0.19 edge=+2.0% fee=$0.00 => skip $0.00
2026-04-27 10:40:23,792 | INFO | [Los Angeles] Will the highest temperature in Los Angeles be bet mkt=0.23 model=0.29 edge=+2.2% fee=$0.00 => skip $0.00
2026-04-27 10:40:24,207 | INFO | [Denver] Will the highest temperature in Denver be between  mkt=0.02 model=0.00 edge=+2.3% fee=$0.00 => skip $0.00
2026-04-27 10:40:24,208 | INFO | [Denver] Will the highest temperature in Denver be between  mkt=0.15 model=0.06 edge=+7.9% fee=$0.00 => skip $0.00
2026-04-27 10:40:24,208 | INFO | [Denver] Will the highest temperature in Denver be between  mkt=0.29 model=0.23 edge=+5.0% fee=$0.00 => skip $0.00
2026-04-27 10:40:24,208 | INFO | [Denver] Will the highest temperature in Denver be between  mkt=0.35 model=0.23 edge=+10.7% fee=$0.09 => NO $5.00
2026-04-27 10:40:25,551 | INFO | [Denver] Will the highest temperature in Denver be between  mkt=0.12 model=0.35 edge=+19.6% fee=$0.18 => YES $4.07
2026-04-27 10:40:26,948 | INFO | [Denver] Will the highest temperature in Denver be between  mkt=0.05 model=0.13 edge=+3.2% fee=$0.00 => skip $0.00
2026-04-27 10:40:26,948 | INFO | [Denver] Will the highest temperature in Denver be 60°F or  mkt=0.03 model=0.00 edge=+2.7% fee=$0.00 => skip $0.00
2026-04-27 10:40:42,078 | WARNING | Ensemble fetch failed for denver 2026-04-29: HTTPSConnectionPool(host='ensemble-api.open-meteo.com', port=443): Read timed out. (read timeout=15)
2026-04-27 10:40:57,205 | WARNING | Ensemble fetch failed for denver 2026-04-28: HTTPSConnectionPool(host='ensemble-api.open-meteo.com', port=443): Read timed out. (read timeout=15)
2026-04-27 10:41:12,333 | WARNING | Ensemble fetch failed for paris 2026-04-28: HTTPSConnectionPool(host='ensemble-api.open-meteo.com', port=443): Read timed out. (read timeout=15)
2026-04-27 10:41:27,461 | WARNING | Ensemble fetch failed for paris 2026-04-29: HTTPSConnectionPool(host='ensemble-api.open-meteo.com', port=443): Read timed out. (read timeout=15)
2026-04-27 10:41:42,596 | WARNING | Ensemble fetch failed for seoul 2026-04-28: HTTPSConnectionPool(host='ensemble-api.open-meteo.com', port=443): Read timed out. (read timeout=15)
2026-04-27 10:41:42,995 | INFO | [Seoul] Will the highest temperature in Seoul be 15°C on A mkt=0.04 model=0.68 edge=+58.8% fee=$0.24 => YES $5.00
2026-04-27 10:41:44,483 | INFO | [Seoul] Will the highest temperature in Seoul be 16°C on A mkt=0.14 model=0.06 edge=+7.3% fee=$0.00 => skip $0.00
2026-04-27 10:41:44,483 | INFO | [Seoul] Will the highest temperature in Seoul be 17°C on A mkt=0.17 model=0.00 edge=+16.2% fee=$0.04 => NO $5.00
2026-04-27 10:41:45,812 | INFO | [Seoul] Will the highest temperature in Seoul be 18°C on A mkt=0.20 model=0.00 edge=+18.5% fee=$0.05 => NO $5.00
2026-04-27 10:41:47,160 | INFO | [Seoul] Will the highest temperature in Seoul be 19°C or h mkt=0.46 model=0.00 edge=+43.2% fee=$0.11 => NO $5.00
2026-04-27 10:41:48,924 | INFO | [Shanghai] Will the highest temperature in Shanghai be 23°C o mkt=0.03 model=0.00 edge=+3.0% fee=$0.00 => skip $0.00
2026-04-27 10:41:49,323 | INFO | [Shanghai] Will the highest temperature in Shanghai be 12°C o mkt=0.04 model=0.00 edge=+4.0% fee=$0.00 => skip $0.00
2026-04-27 10:41:49,324 | INFO | [Shanghai] Will the highest temperature in Shanghai be 14°C o mkt=0.26 model=0.23 edge=+2.1% fee=$0.00 => skip $0.00
2026-04-27 10:41:49,324 | INFO | [Shanghai] Will the highest temperature in Shanghai be 16°C o mkt=0.15 model=0.23 edge=+2.9% fee=$0.00 => skip $0.00
2026-04-27 10:41:49,324 | INFO | [Shanghai] Will the highest temperature in Shanghai be 17°C o mkt=0.03 model=0.00 edge=+3.0% fee=$0.00 => skip $0.00
2026-04-27 10:41:49,324 | INFO | Weather scan complete. Placed 7 trades.
2026-04-27 11:34:03,889 | INFO | === Weather Scan | mode=paper | bankroll=$100.00 ===
2026-04-27 11:34:09,607 | INFO | Found 374 weather sub-markets
2026-04-27 11:34:10,811 | INFO | [NYC] Will the highest temperature in New York City be b mkt=0.04 model=0.03 edge=+0.3% fee=$0.00 => skip $0.00
2026-04-27 11:34:10,811 | INFO | [NYC] Will the highest temperature in New York City be b mkt=0.24 model=0.30 edge=+1.2% fee=$0.00 => skip $0.00
2026-04-27 11:34:10,811 | INFO | [NYC] Will the highest temperature in New York City be b mkt=0.02 model=0.01 edge=+1.1% fee=$0.00 => skip $0.00
2026-04-27 11:34:11,993 | INFO | [NYC] Will the highest temperature in New York City be b mkt=0.06 model=0.03 edge=+2.8% fee=$0.00 => skip $0.00
2026-04-27 11:34:11,994 | INFO | [NYC] Will the highest temperature in New York City be b mkt=0.26 model=0.20 edge=+4.2% fee=$0.00 => skip $0.00
2026-04-27 11:34:11,994 | INFO | [NYC] Will the highest temperature in New York City be b mkt=0.24 model=0.32 edge=+4.2% fee=$0.00 => skip $0.00
2026-04-27 11:34:11,994 | INFO | [NYC] Will the highest temperature in New York City be b mkt=0.03 model=0.05 edge=-3.0% fee=$0.00 => skip $0.00
2026-04-27 11:34:13,168 | INFO | [NYC] Will the highest temperature in New York City be b mkt=0.04 model=0.04 edge=-0.1% fee=$0.00 => skip $0.00
2026-04-27 11:34:13,168 | INFO | [NYC] Will the highest temperature in New York City be b mkt=0.17 model=0.16 edge=+0.6% fee=$0.00 => skip $0.00
2026-04-27 11:34:13,168 | INFO | [NYC] Will the highest temperature in New York City be b mkt=0.03 model=0.06 edge=-2.0% fee=$0.00 => skip $0.00
2026-04-27 11:34:13,168 | INFO | [NYC] Will the highest temperature in New York City be b mkt=0.04 model=0.00 edge=+3.4% fee=$0.00 => skip $0.00
2026-04-27 11:34:14,334 | INFO | [Chicago] Will the highest temperature in Chicago be between mkt=0.08 model=0.05 edge=+2.5% fee=$0.00 => skip $0.00
2026-04-27 11:34:14,335 | INFO | [Chicago] Will the highest temperature in Chicago be between mkt=0.32 model=0.29 edge=+1.2% fee=$0.00 => skip $0.00
2026-04-27 11:34:15,520 | INFO | [Chicago] Will the highest temperature in Chicago be between mkt=0.03 model=0.00 edge=+3.0% fee=$0.00 => skip $0.00
2026-04-27 11:34:15,521 | INFO | [Chicago] Will the highest temperature in Chicago be between mkt=0.04 model=0.00 edge=+4.1% fee=$0.00 => skip $0.00
2026-04-27 11:34:16,703 | INFO | [Miami] Will the highest temperature in Miami be between 8 mkt=0.03 model=0.15 edge=+7.2% fee=$0.00 => skip $0.00
2026-04-27 11:34:31,834 | WARNING | Ensemble fetch failed for gfs_seamless miami 2026-04-29: HTTPSConnectionPool(host='ensemble-api.open-meteo.com', port=443): Read timed out. (read timeout=15)
2026-04-27 11:34:46,969 | WARNING | Ensemble fetch failed for ecmwf_ifs025 miami 2026-04-29: HTTPSConnectionPool(host='ensemble-api.open-meteo.com', port=443): Read timed out. (read timeout=15)
2026-04-27 11:35:02,101 | WARNING | Ensemble fetch failed for icon_seamless miami 2026-04-29: HTTPSConnectionPool(host='ensemble-api.open-meteo.com', port=443): Read timed out. (read timeout=15)
2026-04-27 11:35:17,234 | WARNING | Ensemble fetch failed for gfs_seamless la 2026-04-29: HTTPSConnectionPool(host='ensemble-api.open-meteo.com', port=443): Read timed out. (read timeout=15)
2026-04-27 11:35:32,359 | WARNING | Ensemble fetch failed for ecmwf_ifs025 la 2026-04-29: HTTPSConnectionPool(host='ensemble-api.open-meteo.com', port=443): Read timed out. (read timeout=15)
2026-04-27 11:35:47,479 | WARNING | Ensemble fetch failed for icon_seamless la 2026-04-29: HTTPSConnectionPool(host='ensemble-api.open-meteo.com', port=443): Read timed out. (read timeout=15)
2026-04-27 11:36:02,610 | WARNING | Ensemble fetch failed for gfs_seamless denver 2026-04-27: HTTPSConnectionPool(host='ensemble-api.open-meteo.com', port=443): Read timed out. (read timeout=15)
2026-04-27 11:36:17,737 | WARNING | Ensemble fetch failed for ecmwf_ifs025 denver 2026-04-27: HTTPSConnectionPool(host='ensemble-api.open-meteo.com', port=443): Read timed out. (read timeout=15)
2026-04-27 11:36:18,113 | INFO | [Denver] Will the highest temperature in Denver be between  mkt=0.02 model=0.03 edge=-4.7% fee=$0.00 => skip $0.00
2026-04-27 11:36:18,114 | INFO | [Denver] Will the highest temperature in Denver be between  mkt=0.15 model=0.03 edge=+11.7% fee=$0.04 => NO $5.00
2026-04-27 11:36:19,471 | INFO | [Denver] Will the highest temperature in Denver be between  mkt=0.29 model=0.28 edge=+0.5% fee=$0.00 => skip $0.00
2026-04-27 11:36:19,472 | INFO | [Denver] Will the highest temperature in Denver be between  mkt=0.03 model=0.05 edge=-3.0% fee=$0.00 => skip $0.00
2026-04-27 11:36:19,472 | INFO | [Denver] Will the highest temperature in Denver be 60°F or  mkt=0.02 model=0.00 edge=+2.1% fee=$0.00 => skip $0.00
2026-04-27 11:36:20,676 | INFO | [Denver] Will the highest temperature in Denver be between  mkt=0.09 model=0.11 edge=-2.1% fee=$0.00 => skip $0.00
2026-04-27 11:36:20,676 | INFO | [Denver] Will the highest temperature in Denver be 56°F or  mkt=0.86 model=0.79 edge=+3.5% fee=$0.00 => skip $0.00
2026-04-27 11:36:21,838 | INFO | [Denver] Will the highest temperature in Denver be 50°F or  mkt=0.97 model=1.00 edge=+2.7% fee=$0.00 => skip $0.00
2026-04-27 11:36:22,990 | INFO | [Paris] Will the highest temperature in Paris be 19°C on A mkt=0.05 model=0.16 edge=+5.9% fee=$0.00 => skip $0.00
2026-04-27 11:36:24,152 | INFO | [Paris] Will the highest temperature in Paris be 22°C on A mkt=0.10 model=0.24 edge=+9.3% fee=$0.10 => YES $2.30
2026-04-27 11:36:25,526 | INFO | [Paris] Will the highest temperature in Paris be 26°C or h mkt=0.03 model=0.00 edge=+2.8% fee=$0.00 => skip $0.00
2026-04-27 11:36:26,759 | INFO | [Seoul] Will the highest temperature in Seoul be 13°C on A mkt=0.02 model=0.10 edge=+2.7% fee=$0.00 => skip $0.00
2026-04-27 11:36:26,760 | INFO | [Seoul] Will the highest temperature in Seoul be 15°C on A mkt=0.23 model=0.25 edge=-1.0% fee=$0.00 => skip $0.00
2026-04-27 11:36:26,760 | INFO | [Seoul] Will the highest temperature in Seoul be 19°C or h mkt=0.04 model=0.00 edge=+3.9% fee=$0.00 => skip $0.00
2026-04-27 11:36:41,896 | WARNING | Ensemble fetch failed for gfs_seamless seoul 2026-04-29: HTTPSConnectionPool(host='ensemble-api.open-meteo.com', port=443): Read timed out. (read timeout=15)
2026-04-27 11:36:57,029 | WARNING | Ensemble fetch failed for ecmwf_ifs025 seoul 2026-04-29: HTTPSConnectionPool(host='ensemble-api.open-meteo.com', port=443): Read timed out. (read timeout=15)
2026-04-27 11:37:12,158 | WARNING | Ensemble fetch failed for icon_seamless seoul 2026-04-29: HTTPSConnectionPool(host='ensemble-api.open-meteo.com', port=443): Read timed out. (read timeout=15)
2026-04-27 11:37:27,284 | WARNING | Ensemble fetch failed for gfs_seamless shanghai 2026-04-28: HTTPSConnectionPool(host='ensemble-api.open-meteo.com', port=443): Read timed out. (read timeout=15)
2026-04-27 11:37:42,412 | WARNING | Ensemble fetch failed for ecmwf_ifs025 shanghai 2026-04-28: HTTPSConnectionPool(host='ensemble-api.open-meteo.com', port=443): Read timed out. (read timeout=15)
2026-04-27 11:37:57,539 | WARNING | Ensemble fetch failed for icon_seamless shanghai 2026-04-28: HTTPSConnectionPool(host='ensemble-api.open-meteo.com', port=443): Read timed out. (read timeout=15)
2026-04-27 11:38:12,657 | WARNING | Ensemble fetch failed for gfs_seamless shanghai 2026-04-29: HTTPSConnectionPool(host='ensemble-api.open-meteo.com', port=443): Read timed out. (read timeout=15)
2026-04-27 11:38:27,790 | WARNING | Ensemble fetch failed for ecmwf_ifs025 shanghai 2026-04-29: HTTPSConnectionPool(host='ensemble-api.open-meteo.com', port=443): Read timed out. (read timeout=15)
2026-04-27 11:38:28,174 | INFO | [Shanghai] Will the highest temperature in Shanghai be 12°C o mkt=0.03 model=0.03 edge=+0.1% fee=$0.00 => skip $0.00
2026-04-27 11:38:28,174 | INFO | [Shanghai] Will the highest temperature in Shanghai be 14°C o mkt=0.28 model=0.40 edge=+8.9% fee=$0.09 => YES $2.59
2026-04-27 11:38:29,520 | INFO | [Shanghai] Will the highest temperature in Shanghai be 16°C o mkt=0.11 model=0.12 edge=-3.0% fee=$0.00 => skip $0.00
2026-04-27 11:38:29,521 | INFO | [Shanghai] Will the highest temperature in Shanghai be 17°C o mkt=0.04 model=0.05 edge=-3.5% fee=$0.00 => skip $0.00
2026-04-27 11:38:29,521 | INFO | Weather scan complete. Placed 3 trades.
2026-04-27 12:32:26,526 | INFO | === Weather Scan | mode=paper | bankroll=$100.00 ===
2026-04-27 12:32:32,521 | INFO | Found 374 weather sub-markets
2026-04-27 12:32:33,749 | INFO | [NYC] Will the highest temperature in New York City be b mkt=0.28 model=0.10 edge=+17.2% fee=$0.07 => NO $5.00
2026-04-27 12:32:35,158 | INFO | [NYC] Will the highest temperature in New York City be b mkt=0.03 model=0.01 edge=+1.6% fee=$0.00 => skip $0.00
2026-04-27 12:32:36,333 | INFO | [NYC] Will the highest temperature in New York City be b mkt=0.04 model=0.02 edge=+1.1% fee=$0.00 => skip $0.00
2026-04-27 12:32:36,334 | INFO | [NYC] Will the highest temperature in New York City be b mkt=0.27 model=0.16 edge=+9.6% fee=$0.07 => NO $5.00
2026-04-27 12:32:37,673 | INFO | [NYC] Will the highest temperature in New York City be b mkt=0.26 model=0.34 edge=+4.4% fee=$0.00 => skip $0.00
2026-04-27 12:32:38,862 | INFO | [NYC] Will the highest temperature in New York City be b mkt=0.04 model=0.04 edge=-4.7% fee=$0.00 => skip $0.00
2026-04-27 12:32:38,863 | INFO | [NYC] Will the highest temperature in New York City be b mkt=0.14 model=0.13 edge=+0.7% fee=$0.00 => skip $0.00
2026-04-27 12:32:38,863 | INFO | [NYC] Will the highest temperature in New York City be b mkt=0.02 model=0.02 edge=-4.7% fee=$0.00 => skip $0.00
2026-04-27 12:32:54,386 | WARNING | Ensemble fetch failed for ecmwf_ifs025 chicago 2026-04-27: HTTPSConnectionPool(host='ensemble-api.open-meteo.com', port=443): Read timed out. (read timeout=15)
2026-04-27 12:33:09,517 | WARNING | Ensemble fetch failed for icon_seamless chicago 2026-04-27: HTTPSConnectionPool(host='ensemble-api.open-meteo.com', port=443): Read timed out. (read timeout=15)
2026-04-27 12:33:09,517 | INFO | [Chicago] Will the highest temperature in Chicago be between mkt=0.09 model=0.00 edge=+8.1% fee=$0.02 => NO $5.00
2026-04-27 12:33:10,841 | INFO | [Chicago] Will the highest temperature in Chicago be between mkt=0.07 model=0.00 edge=+6.9% fee=$0.00 => skip $0.00
2026-04-27 12:33:10,841 | INFO | [Chicago] Will the highest temperature in Chicago be between mkt=0.28 model=0.32 edge=+0.2% fee=$0.00 => skip $0.00
2026-04-27 12:33:25,976 | WARNING | Ensemble fetch failed for gfs_seamless chicago 2026-04-29: HTTPSConnectionPool(host='ensemble-api.open-meteo.com', port=443): Read timed out. (read timeout=15)
2026-04-27 12:33:41,107 | WARNING | Ensemble fetch failed for ecmwf_ifs025 chicago 2026-04-29: HTTPSConnectionPool(host='ensemble-api.open-meteo.com', port=443): Read timed out. (read timeout=15)
2026-04-27 12:33:56,240 | WARNING | Ensemble fetch failed for icon_seamless chicago 2026-04-29: HTTPSConnectionPool(host='ensemble-api.open-meteo.com', port=443): Read timed out. (read timeout=15)
2026-04-27 12:34:11,372 | WARNING | Ensemble fetch failed for gfs_seamless miami 2026-04-28: HTTPSConnectionPool(host='ensemble-api.open-meteo.com', port=443): Read timed out. (read timeout=15)
2026-04-27 12:34:26,502 | WARNING | Ensemble fetch failed for ecmwf_ifs025 miami 2026-04-28: HTTPSConnectionPool(host='ensemble-api.open-meteo.com', port=443): Read timed out. (read timeout=15)
2026-04-27 12:34:41,630 | WARNING | Ensemble fetch failed for icon_seamless miami 2026-04-28: HTTPSConnectionPool(host='ensemble-api.open-meteo.com', port=443): Read timed out. (read timeout=15)
2026-04-27 12:34:42,830 | INFO | [Miami] Will the highest temperature in Miami be between 9 mkt=0.03 model=0.13 edge=+5.1% fee=$0.00 => skip $0.00
2026-04-27 12:34:44,012 | INFO | [Los Angeles] Will the highest temperature in Los Angeles be bet mkt=0.10 model=0.19 edge=+3.9% fee=$0.00 => skip $0.00
2026-04-27 12:34:44,012 | INFO | [Los Angeles] Will the highest temperature in Los Angeles be bet mkt=0.23 model=0.16 edge=+6.8% fee=$0.00 => skip $0.00
2026-04-27 12:34:45,212 | INFO | [Denver] Will the highest temperature in Denver be between  mkt=0.03 model=0.02 edge=+0.9% fee=$0.00 => skip $0.00
2026-04-27 12:34:45,212 | INFO | [Denver] Will the highest temperature in Denver be between  mkt=0.24 model=0.30 edge=+1.2% fee=$0.00 => skip $0.00
2026-04-27 12:34:45,213 | INFO | [Denver] Will the highest temperature in Denver be between  mkt=0.03 model=0.06 edge=-2.5% fee=$0.00 => skip $0.00
2026-04-27 12:34:46,393 | INFO | [Denver] Will the highest temperature in Denver be between  mkt=0.10 model=0.13 edge=-0.9% fee=$0.00 => skip $0.00
2026-04-27 12:34:46,394 | INFO | [Denver] Will the highest temperature in Denver be 56°F or  mkt=0.86 model=0.76 edge=+5.9% fee=$0.00 => skip $0.00
2026-04-27 12:34:47,570 | INFO | [Denver] Will the highest temperature in Denver be 50°F or  mkt=0.97 model=1.00 edge=+2.7% fee=$0.00 => skip $0.00
2026-04-27 12:35:03,494 | WARNING | Ensemble fetch failed for icon_seamless paris 2026-04-28: HTTPSConnectionPool(host='ensemble-api.open-meteo.com', port=443): Read timed out. (read timeout=15)
2026-04-27 12:35:03,494 | INFO | [Paris] Will the highest temperature in Paris be 19°C on A mkt=0.03 model=0.16 edge=+7.8% fee=$0.00 => skip $0.00
2026-04-27 12:35:18,631 | WARNING | Ensemble fetch failed for gfs_seamless seoul 2026-04-28: HTTPSConnectionPool(host='ensemble-api.open-meteo.com', port=443): Read timed out. (read timeout=15)
2026-04-27 12:35:33,761 | WARNING | Ensemble fetch failed for ecmwf_ifs025 seoul 2026-04-28: HTTPSConnectionPool(host='ensemble-api.open-meteo.com', port=443): Read timed out. (read timeout=15)
2026-04-27 12:35:48,889 | WARNING | Ensemble fetch failed for icon_seamless seoul 2026-04-28: HTTPSConnectionPool(host='ensemble-api.open-meteo.com', port=443): Read timed out. (read timeout=15)
2026-04-27 12:36:04,020 | WARNING | Ensemble fetch failed for gfs_seamless seoul 2026-04-29: HTTPSConnectionPool(host='ensemble-api.open-meteo.com', port=443): Read timed out. (read timeout=15)
2026-04-27 12:36:19,151 | WARNING | Ensemble fetch failed for ecmwf_ifs025 seoul 2026-04-29: HTTPSConnectionPool(host='ensemble-api.open-meteo.com', port=443): Read timed out. (read timeout=15)
2026-04-27 12:36:34,277 | WARNING | Ensemble fetch failed for icon_seamless seoul 2026-04-29: HTTPSConnectionPool(host='ensemble-api.open-meteo.com', port=443): Read timed out. (read timeout=15)
2026-04-27 12:36:49,413 | WARNING | Ensemble fetch failed for gfs_seamless shanghai 2026-04-28: HTTPSConnectionPool(host='ensemble-api.open-meteo.com', port=443): Read timed out. (read timeout=15)
2026-04-27 12:36:50,204 | INFO | [Shanghai] Will the highest temperature in Shanghai be 23°C o mkt=0.02 model=0.00 edge=+2.1% fee=$0.00 => skip $0.00
2026-04-27 12:36:51,400 | INFO | [Shanghai] Will the highest temperature in Shanghai be 12°C o mkt=0.03 model=0.03 edge=-0.0% fee=$0.00 => skip $0.00
2026-04-27 12:36:51,400 | INFO | [Shanghai] Will the highest temperature in Shanghai be 16°C o mkt=0.12 model=0.08 edge=+3.2% fee=$0.00 => skip $0.00
2026-04-27 12:36:51,400 | INFO | [Shanghai] Will the highest temperature in Shanghai be 17°C o mkt=0.06 model=0.03 edge=+2.8% fee=$0.00 => skip $0.00
2026-04-27 12:36:51,401 | INFO | Weather scan complete. Placed 3 trades.
2026-04-27 13:34:45,510 | INFO | === Weather Scan | mode=paper | bankroll=$100.00 ===
2026-04-27 13:34:50,547 | INFO | Found 374 weather sub-markets
2026-04-27 13:34:52,542 | INFO | [NYC] Will the highest temperature in New York City be b mkt=0.03 model=0.01 edge=+1.6% fee=$0.00 => skip $0.00
2026-04-27 13:34:54,556 | INFO | [NYC] Will the highest temperature in New York City be b mkt=0.03 model=0.02 edge=-0.1% fee=$0.00 => skip $0.00
2026-04-27 13:34:54,556 | INFO | [NYC] Will the highest temperature in New York City be b mkt=0.26 model=0.34 edge=+3.9% fee=$0.00 => skip $0.00
2026-04-27 13:34:56,542 | INFO | [NYC] Will the highest temperature in New York City be 5 mkt=0.03 model=0.03 edge=-4.1% fee=$0.00 => skip $0.00
2026-04-27 13:34:56,542 | INFO | [NYC] Will the highest temperature in New York City be b mkt=0.04 model=0.04 edge=-4.4% fee=$0.00 => skip $0.00
2026-04-27 13:34:56,542 | INFO | [NYC] Will the highest temperature in New York City be b mkt=0.17 model=0.13 edge=+2.6% fee=$0.00 => skip $0.00
2026-04-27 13:34:56,542 | INFO | [NYC] Will the highest temperature in New York City be b mkt=0.04 model=0.10 edge=+1.0% fee=$0.00 => skip $0.00
2026-04-27 13:35:13,054 | WARNING | Ensemble fetch failed for icon_seamless chicago 2026-04-27: HTTPSConnectionPool(host='ensemble-api.open-meteo.com', port=443): Read timed out. (read timeout=15)
2026-04-27 13:35:13,054 | INFO | [Chicago] Will the highest temperature in Chicago be between mkt=0.03 model=0.00 edge=+2.9% fee=$0.00 => skip $0.00
2026-04-27 13:35:13,055 | INFO | [Chicago] Will the highest temperature in Chicago be between mkt=0.13 model=0.06 edge=+5.9% fee=$0.00 => skip $0.00
2026-04-27 13:35:13,055 | INFO | [Chicago] Will the highest temperature in Chicago be between mkt=0.22 model=0.28 edge=+2.1% fee=$0.00 => skip $0.00
2026-04-27 13:35:28,248 | WARNING | Ensemble fetch failed for gfs_seamless chicago 2026-04-29: HTTPSConnectionPool(host='ensemble-api.open-meteo.com', port=443): Read timed out. (read timeout=15)
2026-04-27 13:35:43,437 | WARNING | Ensemble fetch failed for ecmwf_ifs025 chicago 2026-04-29: HTTPSConnectionPool(host='ensemble-api.open-meteo.com', port=443): Read timed out. (read timeout=15)
2026-04-27 13:35:58,621 | WARNING | Ensemble fetch failed for icon_seamless chicago 2026-04-29: HTTPSConnectionPool(host='ensemble-api.open-meteo.com', port=443): Read timed out. (read timeout=15)
2026-04-27 13:36:14,503 | WARNING | Ensemble fetch failed for ecmwf_ifs025 miami 2026-04-27: HTTPSConnectionPool(host='ensemble-api.open-meteo.com', port=443): Read timed out. (read timeout=15)
2026-04-27 13:36:29,701 | WARNING | Ensemble fetch failed for icon_seamless miami 2026-04-27: HTTPSConnectionPool(host='ensemble-api.open-meteo.com', port=443): Read timed out. (read timeout=15)
2026-04-27 13:36:29,702 | INFO | [Miami] Will the highest temperature in Miami be between 9 mkt=0.03 model=0.00 edge=+3.2% fee=$0.00 => skip $0.00
2026-04-27 13:36:31,677 | INFO | [Miami] Will the highest temperature in Miami be between 8 mkt=0.03 model=0.15 edge=+7.1% fee=$0.00 => skip $0.00
2026-04-27 13:36:33,647 | INFO | [Miami] Will the highest temperature in Miami be between 9 mkt=0.03 model=0.13 edge=+5.5% fee=$0.00 => skip $0.00
2026-04-27 13:36:35,651 | INFO | [Los Angeles] Will the highest temperature in Los Angeles be bet mkt=0.07 model=0.19 edge=+6.7% fee=$0.00 => skip $0.00
2026-04-27 13:36:35,651 | INFO | [Los Angeles] Will the highest temperature in Los Angeles be bet mkt=0.24 model=0.16 edge=+7.7% fee=$0.00 => skip $0.00
2026-04-27 13:36:52,187 | WARNING | Ensemble fetch failed for icon_seamless denver 2026-04-27: HTTPSConnectionPool(host='ensemble-api.open-meteo.com', port=443): Read timed out. (read timeout=15)
2026-04-27 13:36:52,187 | INFO | [Denver] Will the highest temperature in Denver be between  mkt=0.07 model=0.01 edge=+5.1% fee=$0.00 => skip $0.00
2026-04-27 13:36:52,187 | INFO | [Denver] Will the highest temperature in Denver be between  mkt=0.28 model=0.30 edge=-0.6% fee=$0.00 => skip $0.00
2026-04-27 13:37:07,388 | WARNING | Ensemble fetch failed for gfs_seamless denver 2026-04-29: HTTPSConnectionPool(host='ensemble-api.open-meteo.com', port=443): Read timed out. (read timeout=15)
2026-04-27 13:37:22,574 | WARNING | Ensemble fetch failed for ecmwf_ifs025 denver 2026-04-29: HTTPSConnectionPool(host='ensemble-api.open-meteo.com', port=443): Read timed out. (read timeout=15)
2026-04-27 13:37:37,774 | WARNING | Ensemble fetch failed for icon_seamless denver 2026-04-29: HTTPSConnectionPool(host='ensemble-api.open-meteo.com', port=443): Read timed out. (read timeout=15)
2026-04-27 13:37:53,634 | WARNING | Ensemble fetch failed for ecmwf_ifs025 denver 2026-04-28: HTTPSConnectionPool(host='ensemble-api.open-meteo.com', port=443): Read timed out. (read timeout=15)
2026-04-27 13:38:08,829 | WARNING | Ensemble fetch failed for icon_seamless denver 2026-04-28: HTTPSConnectionPool(host='ensemble-api.open-meteo.com', port=443): Read timed out. (read timeout=15)
2026-04-27 13:38:08,829 | INFO | [Denver] Will the highest temperature in Denver be 50°F or  mkt=0.97 model=1.00 edge=+2.6% fee=$0.00 => skip $0.00
2026-04-27 13:38:24,032 | WARNING | Ensemble fetch failed for gfs_seamless paris 2026-04-28: HTTPSConnectionPool(host='ensemble-api.open-meteo.com', port=443): Read timed out. (read timeout=15)
2026-04-27 13:38:39,228 | WARNING | Ensemble fetch failed for ecmwf_ifs025 paris 2026-04-28: HTTPSConnectionPool(host='ensemble-api.open-meteo.com', port=443): Read timed out. (read timeout=15)
2026-04-27 13:38:39,906 | INFO | [Paris] Will the highest temperature in Paris be 19°C on A mkt=0.03 model=0.25 edge=+17.6% fee=$0.17 => YES $3.46
2026-04-27 13:38:57,377 | WARNING | Ensemble fetch failed for ecmwf_ifs025 seoul 2026-04-28: HTTPSConnectionPool(host='ensemble-api.open-meteo.com', port=443): Read timed out. (read timeout=15)
2026-04-27 13:39:12,579 | WARNING | Ensemble fetch failed for icon_seamless seoul 2026-04-28: HTTPSConnectionPool(host='ensemble-api.open-meteo.com', port=443): Read timed out. (read timeout=15)
2026-04-27 13:39:12,580 | INFO | [Seoul] Will the highest temperature in Seoul be 15°C on A mkt=0.23 model=0.00 edge=+21.9% fee=$0.06 => NO $5.00
2026-04-27 13:39:16,151 | INFO | [Seoul] Will the highest temperature in Seoul be 16°C on A mkt=0.12 model=0.42 edge=+25.9% fee=$0.22 => YES $5.00
2026-04-27 13:39:19,681 | INFO | [Shanghai] Will the highest temperature in Shanghai be 23°C o mkt=0.02 model=0.00 edge=+2.0% fee=$0.00 => skip $0.00
2026-04-27 13:39:19,681 | INFO | [Shanghai] Will the highest temperature in Shanghai be 24°C o mkt=0.03 model=0.00 edge=+2.8% fee=$0.00 => skip $0.00
2026-04-27 13:39:21,669 | INFO | [Shanghai] Will the highest temperature in Shanghai be 12°C o mkt=0.05 model=0.03 edge=+1.9% fee=$0.00 => skip $0.00
2026-04-27 13:39:21,670 | INFO | [Shanghai] Will the highest temperature in Shanghai be 16°C o mkt=0.10 model=0.08 edge=+0.8% fee=$0.00 => skip $0.00
2026-04-27 13:39:21,670 | INFO | [Shanghai] Will the highest temperature in Shanghai be 17°C o mkt=0.04 model=0.03 edge=+0.4% fee=$0.00 => skip $0.00
2026-04-27 13:39:21,671 | INFO | Weather scan complete. Placed 3 trades.
2026-04-27 14:42:11,890 | INFO | === Weather Scan | mode=paper | bankroll=$100.00 ===
2026-04-27 14:42:19,656 | INFO | Found 374 weather sub-markets
2026-04-27 14:42:20,911 | INFO | [NYC] Will the highest temperature in New York City be b mkt=0.03 model=0.00 edge=+3.0% fee=$0.00 => skip $0.00
2026-04-27 14:42:20,912 | INFO | [NYC] Will the highest temperature in New York City be b mkt=0.02 model=0.01 edge=+1.1% fee=$0.00 => skip $0.00
2026-04-27 14:42:22,063 | INFO | [NYC] Will the highest temperature in New York City be b mkt=0.03 model=0.02 edge=+0.3% fee=$0.00 => skip $0.00
2026-04-27 14:42:22,064 | INFO | [NYC] Will the highest temperature in New York City be b mkt=0.26 model=0.34 edge=+4.4% fee=$0.00 => skip $0.00
2026-04-27 14:42:22,064 | INFO | [NYC] Will the highest temperature in New York City be b mkt=0.02 model=0.12 edge=+5.0% fee=$0.00 => skip $0.00
2026-04-27 14:42:23,235 | INFO | [NYC] Will the highest temperature in New York City be 5 mkt=0.04 model=0.03 edge=+0.2% fee=$0.00 => skip $0.00
2026-04-27 14:42:23,235 | INFO | [NYC] Will the highest temperature in New York City be b mkt=0.04 model=0.04 edge=-4.4% fee=$0.00 => skip $0.00
2026-04-27 14:42:23,235 | INFO | [NYC] Will the highest temperature in New York City be b mkt=0.15 model=0.13 edge=+1.6% fee=$0.00 => skip $0.00
2026-04-27 14:42:23,235 | INFO | [NYC] Will the highest temperature in New York City be b mkt=0.04 model=0.10 edge=+1.0% fee=$0.00 => skip $0.00
2026-04-27 14:42:24,373 | INFO | [Chicago] Will the highest temperature in Chicago be between mkt=0.04 model=0.00 edge=+3.4% fee=$0.00 => skip $0.00
2026-04-27 14:42:24,373 | INFO | [Chicago] Will the highest temperature in Chicago be between mkt=0.13 model=0.04 edge=+8.2% fee=$0.03 => NO $5.00
2026-04-27 14:42:25,720 | INFO | [Chicago] Will the highest temperature in Chicago be between mkt=0.13 model=0.30 edge=+12.2% fee=$0.12 => YES $2.85
2026-04-27 14:42:42,275 | WARNING | Ensemble fetch failed for gfs_seamless chicago 2026-04-29: HTTPSConnectionPool(host='ensemble-api.open-meteo.com', port=443): Read timed out. (read timeout=15)
2026-04-27 14:42:57,406 | WARNING | Ensemble fetch failed for ecmwf_ifs025 chicago 2026-04-29: HTTPSConnectionPool(host='ensemble-api.open-meteo.com', port=443): Read timed out. (read timeout=15)
2026-04-27 14:43:12,535 | WARNING | Ensemble fetch failed for icon_seamless chicago 2026-04-29: HTTPSConnectionPool(host='ensemble-api.open-meteo.com', port=443): Read timed out. (read timeout=15)
2026-04-27 14:43:27,665 | WARNING | Ensemble fetch failed for gfs_seamless miami 2026-04-27: HTTPSConnectionPool(host='ensemble-api.open-meteo.com', port=443): Read timed out. (read timeout=15)
2026-04-27 14:43:42,796 | WARNING | Ensemble fetch failed for ecmwf_ifs025 miami 2026-04-27: HTTPSConnectionPool(host='ensemble-api.open-meteo.com', port=443): Read timed out. (read timeout=15)
2026-04-27 14:43:43,193 | INFO | [Miami] Will the highest temperature in Miami be between 9 mkt=0.03 model=0.12 edge=+4.6% fee=$0.00 => skip $0.00
2026-04-27 14:43:58,694 | WARNING | Ensemble fetch failed for ecmwf_ifs025 miami 2026-04-28: HTTPSConnectionPool(host='ensemble-api.open-meteo.com', port=443): Read timed out. (read timeout=15)
2026-04-27 14:44:13,824 | WARNING | Ensemble fetch failed for icon_seamless miami 2026-04-28: HTTPSConnectionPool(host='ensemble-api.open-meteo.com', port=443): Read timed out. (read timeout=15)
2026-04-27 14:44:13,824 | INFO | [Miami] Will the highest temperature in Miami be between 8 mkt=0.02 model=0.00 edge=+2.1% fee=$0.00 => skip $0.00
2026-04-27 14:44:14,989 | INFO | [Miami] Will the highest temperature in Miami be between 9 mkt=0.02 model=0.13 edge=+6.0% fee=$0.00 => skip $0.00
2026-04-27 14:44:16,155 | INFO | [Los Angeles] Will the highest temperature in Los Angeles be bet mkt=0.02 model=0.00 edge=+2.3% fee=$0.00 => skip $0.00
2026-04-27 14:44:17,290 | INFO | [Los Angeles] Will the highest temperature in Los Angeles be bet mkt=0.08 model=0.19 edge=+6.3% fee=$0.00 => skip $0.00
2026-04-27 14:44:17,290 | INFO | [Los Angeles] Will the highest temperature in Los Angeles be bet mkt=0.25 model=0.16 edge=+8.2% fee=$0.06 => NO $5.00
2026-04-27 14:44:19,794 | INFO | [Denver] Will the highest temperature in Denver be between  mkt=0.03 model=0.00 edge=+2.9% fee=$0.00 => skip $0.00
2026-04-27 14:44:19,794 | INFO | [Denver] Will the highest temperature in Denver be between  mkt=0.06 model=0.00 edge=+6.1% fee=$0.00 => skip $0.00
2026-04-27 14:44:19,795 | INFO | [Denver] Will the highest temperature in Denver be between  mkt=0.28 model=0.02 edge=+24.6% fee=$0.07 => NO $5.00
2026-04-27 14:44:21,126 | INFO | [Denver] Will the highest temperature in Denver be between  mkt=0.27 model=0.30 edge=-0.7% fee=$0.00 => skip $0.00
2026-04-27 14:44:36,256 | WARNING | Ensemble fetch failed for gfs_seamless denver 2026-04-29: HTTPSConnectionPool(host='ensemble-api.open-meteo.com', port=443): Read timed out. (read timeout=15)
2026-04-27 14:44:51,386 | WARNING | Ensemble fetch failed for ecmwf_ifs025 denver 2026-04-29: HTTPSConnectionPool(host='ensemble-api.open-meteo.com', port=443): Read timed out. (read timeout=15)
2026-04-27 14:45:06,509 | WARNING | Ensemble fetch failed for icon_seamless denver 2026-04-29: HTTPSConnectionPool(host='ensemble-api.open-meteo.com', port=443): Read timed out. (read timeout=15)
2026-04-27 14:45:21,641 | WARNING | Ensemble fetch failed for gfs_seamless denver 2026-04-28: HTTPSConnectionPool(host='ensemble-api.open-meteo.com', port=443): Read timed out. (read timeout=15)
2026-04-27 14:45:37,161 | WARNING | Ensemble fetch failed for icon_seamless denver 2026-04-28: HTTPSConnectionPool(host='ensemble-api.open-meteo.com', port=443): Read timed out. (read timeout=15)
2026-04-27 14:45:37,161 | INFO | [Denver] Will the highest temperature in Denver be 50°F or  mkt=0.97 model=1.00 edge=+2.6% fee=$0.00 => skip $0.00
2026-04-27 14:45:52,290 | WARNING | Ensemble fetch failed for gfs_seamless seoul 2026-04-28: HTTPSConnectionPool(host='ensemble-api.open-meteo.com', port=443): Read timed out. (read timeout=15)
2026-04-27 14:46:07,417 | WARNING | Ensemble fetch failed for ecmwf_ifs025 seoul 2026-04-28: HTTPSConnectionPool(host='ensemble-api.open-meteo.com', port=443): Read timed out. (read timeout=15)
2026-04-27 14:46:22,549 | WARNING | Ensemble fetch failed for icon_seamless seoul 2026-04-28: HTTPSConnectionPool(host='ensemble-api.open-meteo.com', port=443): Read timed out. (read timeout=15)
2026-04-27 14:46:23,697 | INFO | [Shanghai] Will the highest temperature in Shanghai be 23°C o mkt=0.12 model=0.00 edge=+11.5% fee=$0.03 => NO $5.00
2026-04-27 14:46:25,126 | INFO | [Shanghai] Will the highest temperature in Shanghai be 24°C o mkt=0.05 model=0.00 edge=+4.7% fee=$0.00 => skip $0.00
2026-04-27 14:46:26,254 | INFO | [Shanghai] Will the highest temperature in Shanghai be 12°C o mkt=0.04 model=0.03 edge=+0.3% fee=$0.00 => skip $0.00
2026-04-27 14:46:26,254 | INFO | [Shanghai] Will the highest temperature in Shanghai be 16°C o mkt=0.07 model=0.08 edge=-3.5% fee=$0.00 => skip $0.00
2026-04-27 14:46:26,254 | INFO | [Shanghai] Will the highest temperature in Shanghai be 17°C o mkt=0.04 model=0.03 edge=+0.1% fee=$0.00 => skip $0.00
2026-04-27 14:46:26,255 | INFO | Weather scan complete. Placed 5 trades.
2026-04-27 15:35:19,836 | INFO | === Weather Scan | mode=paper | bankroll=$100.00 ===
2026-04-27 15:35:21,929 | INFO | Resolved 2074277: YES -> LOSS pnl=$-5.00
2026-04-27 15:35:25,906 | INFO | Found 374 weather sub-markets
2026-04-27 15:35:27,916 | INFO | [NYC] Will the highest temperature in New York City be b mkt=0.04 model=0.00 edge=+3.5% fee=$0.00 => skip $0.00
2026-04-27 15:35:29,865 | INFO | [NYC] Will the highest temperature in New York City be b mkt=0.02 model=0.02 edge=-4.6% fee=$0.00 => skip $0.00
2026-04-27 15:35:29,865 | INFO | [NYC] Will the highest temperature in New York City be b mkt=0.33 model=0.31 edge=-0.3% fee=$0.00 => skip $0.00
2026-04-27 15:35:29,865 | INFO | [NYC] Will the highest temperature in New York City be b mkt=0.02 model=0.25 edge=+17.3% fee=$0.17 => YES $3.40
2026-04-27 15:35:33,458 | INFO | [NYC] Will the highest temperature in New York City be b mkt=0.04 model=0.07 edge=-1.9% fee=$0.00 => skip $0.00
2026-04-27 15:35:33,459 | INFO | [NYC] Will the highest temperature in New York City be b mkt=0.17 model=0.11 edge=+4.2% fee=$0.00 => skip $0.00
2026-04-27 15:35:33,459 | INFO | [NYC] Will the highest temperature in New York City be b mkt=0.04 model=0.11 edge=+1.8% fee=$0.00 => skip $0.00
2026-04-27 15:35:49,355 | WARNING | Ensemble fetch failed for ecmwf_ifs025 chicago 2026-04-27: HTTPSConnectionPool(host='ensemble-api.open-meteo.com', port=443): Read timed out. (read timeout=15)
2026-04-27 15:36:04,555 | WARNING | Ensemble fetch failed for icon_seamless chicago 2026-04-27: HTTPSConnectionPool(host='ensemble-api.open-meteo.com', port=443): Read timed out. (read timeout=15)
2026-04-27 15:36:04,556 | INFO | [Chicago] Will the highest temperature in Chicago be between mkt=0.03 model=0.00 edge=+2.8% fee=$0.00 => skip $0.00
2026-04-27 15:36:04,556 | INFO | [Chicago] Will the highest temperature in Chicago be between mkt=0.09 model=0.00 edge=+8.7% fee=$0.02 => NO $5.00
2026-04-27 15:36:21,316 | WARNING | Ensemble fetch failed for gfs_seamless chicago 2026-04-29: HTTPSConnectionPool(host='ensemble-api.open-meteo.com', port=443): Read timed out. (read timeout=15)
2026-04-27 15:36:36,507 | WARNING | Ensemble fetch failed for ecmwf_ifs025 chicago 2026-04-29: HTTPSConnectionPool(host='ensemble-api.open-meteo.com', port=443): Read timed out. (read timeout=15)
2026-04-27 15:36:51,701 | WARNING | Ensemble fetch failed for icon_seamless chicago 2026-04-29: HTTPSConnectionPool(host='ensemble-api.open-meteo.com', port=443): Read timed out. (read timeout=15)
2026-04-27 15:37:06,904 | WARNING | Ensemble fetch failed for gfs_seamless miami 2026-04-27: HTTPSConnectionPool(host='ensemble-api.open-meteo.com', port=443): Read timed out. (read timeout=15)
2026-04-27 15:37:22,113 | WARNING | Ensemble fetch failed for ecmwf_ifs025 miami 2026-04-27: HTTPSConnectionPool(host='ensemble-api.open-meteo.com', port=443): Read timed out. (read timeout=15)
2026-04-27 15:37:37,307 | WARNING | Ensemble fetch failed for icon_seamless miami 2026-04-27: HTTPSConnectionPool(host='ensemble-api.open-meteo.com', port=443): Read timed out. (read timeout=15)
2026-04-27 15:37:52,515 | WARNING | Ensemble fetch failed for gfs_seamless miami 2026-04-28: HTTPSConnectionPool(host='ensemble-api.open-meteo.com', port=443): Read timed out. (read timeout=15)
2026-04-27 15:37:53,879 | INFO | [Miami] Will the highest temperature in Miami be between 8 mkt=0.02 model=0.32 edge=+24.8% fee=$0.22 => YES $4.55
2026-04-27 15:37:57,453 | INFO | [Miami] Will the highest temperature in Miami be between 9 mkt=0.02 model=0.17 edge=+10.1% fee=$0.11 => YES $2.30
2026-04-27 15:38:15,441 | WARNING | Ensemble fetch failed for icon_seamless la 2026-04-27: HTTPSConnectionPool(host='ensemble-api.open-meteo.com', port=443): Read timed out. (read timeout=15)
2026-04-27 15:38:15,442 | INFO | [Los Angeles] Will the highest temperature in Los Angeles be bet mkt=0.03 model=0.00 edge=+2.4% fee=$0.00 => skip $0.00
2026-04-27 15:38:30,641 | WARNING | Ensemble fetch failed for gfs_seamless la 2026-04-29: HTTPSConnectionPool(host='ensemble-api.open-meteo.com', port=443): Read timed out. (read timeout=15)
2026-04-27 15:38:45,818 | WARNING | Ensemble fetch failed for ecmwf_ifs025 la 2026-04-29: HTTPSConnectionPool(host='ensemble-api.open-meteo.com', port=443): Read timed out. (read timeout=15)
2026-04-27 15:39:01,026 | WARNING | Ensemble fetch failed for icon_seamless la 2026-04-29: HTTPSConnectionPool(host='ensemble-api.open-meteo.com', port=443): Read timed out. (read timeout=15)
2026-04-27 15:39:16,218 | WARNING | Ensemble fetch failed for gfs_seamless denver 2026-04-27: HTTPSConnectionPool(host='ensemble-api.open-meteo.com', port=443): Read timed out. (read timeout=15)
2026-04-27 15:39:31,412 | WARNING | Ensemble fetch failed for ecmwf_ifs025 denver 2026-04-27: HTTPSConnectionPool(host='ensemble-api.open-meteo.com', port=443): Read timed out. (read timeout=15)
2026-04-27 15:39:32,044 | INFO | [Denver] Will the highest temperature in Denver be between  mkt=0.08 model=0.00 edge=+8.0% fee=$0.02 => NO $5.00
2026-04-27 15:39:33,649 | INFO | [Denver] Will the highest temperature in Denver be between  mkt=0.28 model=0.45 edge=+13.9% fee=$0.13 => YES $3.62
2026-04-27 15:39:37,236 | INFO | [Denver] Will the highest temperature in Denver be between  mkt=0.11 model=0.22 edge=+6.7% fee=$0.00 => skip $0.00
2026-04-27 15:39:37,237 | INFO | [Denver] Will the highest temperature in Denver be 56°F or  mkt=0.78 model=0.75 edge=-0.5% fee=$0.00 => skip $0.00
2026-04-27 15:39:39,266 | INFO | [Denver] Will the highest temperature in Denver be 50°F or  mkt=0.97 model=1.00 edge=+2.6% fee=$0.00 => skip $0.00
2026-04-27 15:39:41,275 | INFO | [Seoul] Will the highest temperature in Seoul be 13°C on A mkt=0.03 model=0.09 edge=+1.1% fee=$0.00 => skip $0.00
2026-04-27 15:39:57,894 | WARNING | Ensemble fetch failed for ecmwf_ifs025 shanghai 2026-04-28: HTTPSConnectionPool(host='ensemble-api.open-meteo.com', port=443): Read timed out. (read timeout=15)
2026-04-27 15:40:13,097 | WARNING | Ensemble fetch failed for icon_seamless shanghai 2026-04-28: HTTPSConnectionPool(host='ensemble-api.open-meteo.com', port=443): Read timed out. (read timeout=15)
2026-04-27 15:40:13,098 | INFO | [Shanghai] Will the highest temperature in Shanghai be 24°C o mkt=0.03 model=0.00 edge=+2.8% fee=$0.00 => skip $0.00
2026-04-27 15:40:28,301 | WARNING | Ensemble fetch failed for gfs_seamless shanghai 2026-04-29: HTTPSConnectionPool(host='ensemble-api.open-meteo.com', port=443): Read timed out. (read timeout=15)
2026-04-27 15:40:43,514 | WARNING | Ensemble fetch failed for ecmwf_ifs025 shanghai 2026-04-29: HTTPSConnectionPool(host='ensemble-api.open-meteo.com', port=443): Read timed out. (read timeout=15)
2026-04-27 15:40:58,699 | WARNING | Ensemble fetch failed for icon_seamless shanghai 2026-04-29: HTTPSConnectionPool(host='ensemble-api.open-meteo.com', port=443): Read timed out. (read timeout=15)
2026-04-27 15:40:58,700 | INFO | Weather scan complete. Placed 6 trades.
2026-04-27 16:33:24,690 | INFO | === Weather Scan | mode=paper | bankroll=$95.00 ===
2026-04-27 16:33:32,181 | INFO | Found 374 weather sub-markets
2026-04-27 16:33:33,482 | INFO | [NYC] Will the highest temperature in New York City be b mkt=0.02 model=0.02 edge=-4.7% fee=$0.00 => skip $0.00
2026-04-27 16:33:33,482 | INFO | [NYC] Will the highest temperature in New York City be b mkt=0.33 model=0.31 edge=-0.3% fee=$0.00 => skip $0.00
2026-04-27 16:33:34,682 | INFO | [NYC] Will the highest temperature in New York City be 5 mkt=0.02 model=0.00 edge=+2.2% fee=$0.00 => skip $0.00
2026-04-27 16:33:34,682 | INFO | [NYC] Will the highest temperature in New York City be b mkt=0.05 model=0.07 edge=-3.1% fee=$0.00 => skip $0.00
2026-04-27 16:33:34,682 | INFO | [NYC] Will the highest temperature in New York City be b mkt=0.15 model=0.11 edge=+3.2% fee=$0.00 => skip $0.00
2026-04-27 16:33:34,682 | INFO | [NYC] Will the highest temperature in New York City be b mkt=0.04 model=0.11 edge=+1.7% fee=$0.00 => skip $0.00
2026-04-27 16:33:35,871 | INFO | [Chicago] Will the highest temperature in Chicago be between mkt=0.04 model=0.00 edge=+3.4% fee=$0.00 => skip $0.00
2026-04-27 16:33:37,054 | INFO | [Chicago] Will the highest temperature in Chicago be between mkt=0.05 model=0.00 edge=+4.8% fee=$0.00 => skip $0.00
2026-04-27 16:33:38,263 | INFO | [Los Angeles] Will the highest temperature in Los Angeles be bet mkt=0.08 model=0.20 edge=+7.1% fee=$0.00 => skip $0.00
2026-04-27 16:33:39,468 | INFO | [Denver] Will the highest temperature in Denver be between  mkt=0.02 model=0.00 edge=+2.0% fee=$0.00 => skip $0.00
2026-04-27 16:33:54,596 | WARNING | Ensemble fetch failed for gfs_seamless denver 2026-04-29: HTTPSConnectionPool(host='ensemble-api.open-meteo.com', port=443): Read timed out. (read timeout=15)
2026-04-27 16:34:09,724 | WARNING | Ensemble fetch failed for ecmwf_ifs025 denver 2026-04-29: HTTPSConnectionPool(host='ensemble-api.open-meteo.com', port=443): Read timed out. (read timeout=15)
2026-04-27 16:34:24,855 | WARNING | Ensemble fetch failed for icon_seamless denver 2026-04-29: HTTPSConnectionPool(host='ensemble-api.open-meteo.com', port=443): Read timed out. (read timeout=15)
2026-04-27 16:34:39,987 | WARNING | Ensemble fetch failed for gfs_seamless denver 2026-04-28: HTTPSConnectionPool(host='ensemble-api.open-meteo.com', port=443): Read timed out. (read timeout=15)
2026-04-27 16:34:55,113 | WARNING | Ensemble fetch failed for ecmwf_ifs025 denver 2026-04-28: HTTPSConnectionPool(host='ensemble-api.open-meteo.com', port=443): Read timed out. (read timeout=15)
2026-04-27 16:35:10,247 | WARNING | Ensemble fetch failed for icon_seamless denver 2026-04-28: HTTPSConnectionPool(host='ensemble-api.open-meteo.com', port=443): Read timed out. (read timeout=15)
2026-04-27 16:35:25,381 | WARNING | Ensemble fetch failed for gfs_seamless shanghai 2026-04-28: HTTPSConnectionPool(host='ensemble-api.open-meteo.com', port=443): Read timed out. (read timeout=15)
2026-04-27 16:35:40,511 | WARNING | Ensemble fetch failed for ecmwf_ifs025 shanghai 2026-04-28: HTTPSConnectionPool(host='ensemble-api.open-meteo.com', port=443): Read timed out. (read timeout=15)
2026-04-27 16:35:40,912 | INFO | [Shanghai] Will the highest temperature in Shanghai be 24°C o mkt=0.02 model=0.00 edge=+2.1% fee=$0.00 => skip $0.00
2026-04-27 16:35:42,111 | INFO | [Shanghai] Will the highest temperature in Shanghai be 12°C o mkt=0.03 model=0.03 edge=-4.7% fee=$0.00 => skip $0.00
2026-04-27 16:35:42,111 | INFO | [Shanghai] Will the highest temperature in Shanghai be 16°C o mkt=0.07 model=0.05 edge=+1.3% fee=$0.00 => skip $0.00
2026-04-27 16:35:42,111 | INFO | [Shanghai] Will the highest temperature in Shanghai be 17°C o mkt=0.06 model=0.02 edge=+4.0% fee=$0.00 => skip $0.00
2026-04-27 16:35:42,112 | INFO | Weather scan complete. Placed 0 trades.
2026-04-27 17:31:21,382 | INFO | === Weather Scan | mode=paper | bankroll=$95.00 ===
2026-04-27 17:31:25,176 | INFO | Resolved 2074278: YES -> LOSS pnl=$-4.63
2026-04-27 17:31:48,488 | INFO | Found 374 weather sub-markets
2026-04-27 17:31:50,405 | INFO | [NYC] Will the highest temperature in New York City be b mkt=0.03 model=0.02 edge=+0.1% fee=$0.00 => skip $0.00
2026-04-27 17:31:50,405 | INFO | [NYC] Will the highest temperature in New York City be b mkt=0.33 model=0.31 edge=+0.2% fee=$0.00 => skip $0.00
2026-04-27 17:31:52,196 | INFO | [NYC] Will the highest temperature in New York City be b mkt=0.04 model=0.07 edge=-2.2% fee=$0.00 => skip $0.00
2026-04-27 17:31:52,196 | INFO | [NYC] Will the highest temperature in New York City be b mkt=0.21 model=0.11 edge=+8.9% fee=$0.05 => NO $5.00
2026-04-27 17:31:53,782 | INFO | [NYC] Will the highest temperature in New York City be b mkt=0.05 model=0.11 edge=+1.3% fee=$0.00 => skip $0.00
2026-04-27 17:31:55,644 | INFO | [Chicago] Will the highest temperature in Chicago be between mkt=0.06 model=0.00 edge=+5.8% fee=$0.00 => skip $0.00
2026-04-27 17:32:12,139 | WARNING | Ensemble fetch failed for icon_seamless miami 2026-04-27: HTTPSConnectionPool(host='ensemble-api.open-meteo.com', port=443): Read timed out. (read timeout=15)
2026-04-27 17:32:12,139 | INFO | [Miami] Will the highest temperature in Miami be between 9 mkt=0.07 model=0.00 edge=+6.6% fee=$0.00 => skip $0.00
2026-04-27 17:32:12,140 | INFO | [Miami] Will the highest temperature in Miami be between 9 mkt=0.02 model=0.00 edge=+2.1% fee=$0.00 => skip $0.00
2026-04-27 17:32:27,326 | WARNING | Ensemble fetch failed for gfs_seamless la 2026-04-27: HTTPSConnectionPool(host='ensemble-api.open-meteo.com', port=443): Read timed out. (read timeout=15)
2026-04-27 17:32:42,509 | WARNING | Ensemble fetch failed for ecmwf_ifs025 la 2026-04-27: HTTPSConnectionPool(host='ensemble-api.open-meteo.com', port=443): Read timed out. (read timeout=15)
2026-04-27 17:32:57,707 | WARNING | Ensemble fetch failed for icon_seamless la 2026-04-27: HTTPSConnectionPool(host='ensemble-api.open-meteo.com', port=443): Read timed out. (read timeout=15)
2026-04-27 17:32:59,639 | INFO | [Los Angeles] Will the highest temperature in Los Angeles be bet mkt=0.09 model=0.20 edge=+6.1% fee=$0.00 => skip $0.00
2026-04-27 17:33:01,589 | INFO | [Denver] Will the highest temperature in Denver be between  mkt=0.11 model=0.22 edge=+6.7% fee=$0.00 => skip $0.00
2026-04-27 17:33:01,589 | INFO | [Denver] Will the highest temperature in Denver be 56°F or  mkt=0.81 model=0.75 edge=+2.4% fee=$0.00 => skip $0.00
2026-04-27 17:33:03,405 | INFO | [Denver] Will the highest temperature in Denver be 50°F or  mkt=0.97 model=1.00 edge=+2.5% fee=$0.00 => skip $0.00
2026-04-27 17:33:05,322 | INFO | [Seoul] Will the highest temperature in Seoul be 13°C on A mkt=0.02 model=0.09 edge=+2.0% fee=$0.00 => skip $0.00
2026-04-27 17:33:21,113 | WARNING | Ensemble fetch failed for ecmwf_ifs025 shanghai 2026-04-28: HTTPSConnectionPool(host='ensemble-api.open-meteo.com', port=443): Read timed out. (read timeout=15)
2026-04-27 17:33:36,305 | WARNING | Ensemble fetch failed for icon_seamless shanghai 2026-04-28: HTTPSConnectionPool(host='ensemble-api.open-meteo.com', port=443): Read timed out. (read timeout=15)
2026-04-27 17:33:36,305 | INFO | [Shanghai] Will the highest temperature in Shanghai be 24°C o mkt=0.04 model=0.00 edge=+3.8% fee=$0.00 => skip $0.00
2026-04-27 17:33:38,237 | INFO | [Shanghai] Will the highest temperature in Shanghai be 12°C o mkt=0.04 model=0.03 edge=+0.9% fee=$0.00 => skip $0.00
2026-04-27 17:33:38,238 | INFO | [Shanghai] Will the highest temperature in Shanghai be 16°C o mkt=0.10 model=0.05 edge=+5.1% fee=$0.00 => skip $0.00
2026-04-27 17:33:38,238 | INFO | [Shanghai] Will the highest temperature in Shanghai be 17°C o mkt=0.07 model=0.02 edge=+4.5% fee=$0.00 => skip $0.00
2026-04-27 17:33:38,239 | INFO | Weather scan complete. Placed 1 trades.
2026-04-27 21:23:39,121 | INFO | === Weather Scan | mode=paper | bankroll=$90.37 ===
2026-04-27 21:23:39,471 | INFO | Resolved 2074376: YES -> LOSS pnl=$-3.57
2026-04-27 21:23:41,745 | INFO | Resolved 2082503: YES -> LOSS pnl=$-5.00
2026-04-27 21:23:42,123 | INFO | Resolved 2082504: NO -> WIN pnl=$1.37
2026-04-27 21:23:42,600 | INFO | Resolved 2082505: NO -> WIN pnl=$3.26
2026-04-27 21:23:42,984 | INFO | Resolved 2082506: NO -> WIN pnl=$1.45
2026-04-27 21:23:48,389 | INFO | Found 352 weather sub-markets
2026-04-27 21:23:49,561 | INFO | [NYC] Will the highest temperature in New York City be b mkt=0.05 model=0.02 edge=+2.6% fee=$0.00 => skip $0.00
2026-04-27 21:23:49,561 | INFO | [NYC] Will the highest temperature in New York City be b mkt=0.23 model=0.30 edge=+3.0% fee=$0.00 => skip $0.00
2026-04-27 21:23:50,693 | INFO | [NYC] Will the highest temperature in New York City be b mkt=0.05 model=0.05 edge=-0.0% fee=$0.00 => skip $0.00
2026-04-27 21:23:50,693 | INFO | [NYC] Will the highest temperature in New York City be b mkt=0.05 model=0.07 edge=-2.2% fee=$0.00 => skip $0.00
2026-04-27 21:23:51,829 | INFO | [Los Angeles] Will the highest temperature in Los Angeles be bet mkt=0.07 model=0.17 edge=+6.0% fee=$0.00 => skip $0.00
2026-04-27 21:23:52,975 | INFO | [Denver] Will the highest temperature in Denver be between  mkt=0.04 model=0.03 edge=+0.9% fee=$0.00 => skip $0.00
2026-04-27 21:23:52,976 | INFO | [Denver] Will the highest temperature in Denver be between  mkt=0.14 model=0.21 edge=+3.5% fee=$0.00 => skip $0.00
2026-04-27 21:23:52,976 | INFO | [Denver] Will the highest temperature in Denver be 56°F or  mkt=0.78 model=0.75 edge=-1.3% fee=$0.00 => skip $0.00
2026-04-27 21:23:54,118 | INFO | [Denver] Will the highest temperature in Denver be 50°F or  mkt=0.98 model=1.00 edge=+2.0% fee=$0.00 => skip $0.00
2026-04-27 21:24:10,006 | WARNING | Ensemble fetch failed for icon_seamless shanghai 2026-04-29: HTTPSConnectionPool(host='ensemble-api.open-meteo.com', port=443): Read timed out. (read timeout=15)
2026-04-27 21:24:10,006 | INFO | [Shanghai] Will the highest temperature in Shanghai be 12°C o mkt=0.07 model=0.01 edge=+5.8% fee=$0.00 => skip $0.00
2026-04-27 21:24:10,006 | INFO | [Shanghai] Will the highest temperature in Shanghai be 16°C o mkt=0.07 model=0.00 edge=+7.1% fee=$0.00 => skip $0.00
2026-04-27 21:24:10,007 | INFO | [Shanghai] Will the highest temperature in Shanghai be 17°C o mkt=0.04 model=0.00 edge=+3.5% fee=$0.00 => skip $0.00
2026-04-27 21:24:10,007 | INFO | Weather scan complete. Placed 0 trades.
2026-04-27 22:17:49,096 | INFO | === Weather Scan | mode=paper | bankroll=$87.89 ===
2026-04-27 22:17:49,585 | INFO | Resolved 2074377: YES -> LOSS pnl=$-5.00 balance=$82.89
2026-04-27 22:17:50,421 | INFO | Resolved 2074629: YES -> LOSS pnl=$-5.00 balance=$77.89
2026-04-27 22:17:53,913 | INFO | Resolved 2074344: NO -> WIN pnl=$1.99 balance=$79.88
2026-04-27 22:17:56,610 | INFO | Found 352 weather sub-markets
2026-04-27 22:17:57,879 | INFO | [NYC] Will the highest temperature in New York City be b mkt=0.02 model=0.01 edge=+1.4% fee=$0.00 => skip $0.00
2026-04-27 22:17:57,879 | INFO | [NYC] Will the highest temperature in New York City be b mkt=0.05 model=0.02 edge=+2.1% fee=$0.00 => skip $0.00
2026-04-27 22:17:57,879 | INFO | [NYC] Will the highest temperature in New York City be b mkt=0.23 model=0.30 edge=+3.5% fee=$0.00 => skip $0.00
2026-04-27 22:17:59,062 | INFO | [NYC] Will the highest temperature in New York City be b mkt=0.04 model=0.05 edge=-3.8% fee=$0.00 => skip $0.00
2026-04-27 22:17:59,062 | INFO | [NYC] Will the highest temperature in New York City be b mkt=0.05 model=0.07 edge=-2.2% fee=$0.00 => skip $0.00
2026-04-27 22:18:00,245 | INFO | [Los Angeles] Will the highest temperature in Los Angeles be bet mkt=0.09 model=0.17 edge=+4.1% fee=$0.00 => skip $0.00
2026-04-27 22:18:01,440 | INFO | [Denver] Will the highest temperature in Denver be between  mkt=0.05 model=0.03 edge=+1.3% fee=$0.00 => skip $0.00
2026-04-27 22:18:01,441 | INFO | [Denver] Will the highest temperature in Denver be between  mkt=0.23 model=0.21 edge=+0.5% fee=$0.00 => skip $0.00
2026-04-27 22:18:01,441 | INFO | [Denver] Will the highest temperature in Denver be 56°F or  mkt=0.65 model=0.75 edge=+8.7% fee=$0.07 => YES $3.92
2026-04-27 22:18:02,626 | INFO | [Denver] Will the highest temperature in Denver be 50°F or  mkt=0.98 model=1.00 edge=+2.1% fee=$0.00 => skip $0.00
2026-04-27 22:18:03,852 | INFO | [Seoul] Will the highest temperature in Seoul be 13°C on A mkt=0.03 model=0.02 edge=+1.3% fee=$0.00 => skip $0.00
2026-04-27 22:18:18,983 | WARNING | Ensemble fetch failed for gfs_seamless shanghai 2026-04-29: HTTPSConnectionPool(host='ensemble-api.open-meteo.com', port=443): Read timed out. (read timeout=15)
2026-04-27 22:18:34,109 | WARNING | Ensemble fetch failed for ecmwf_ifs025 shanghai 2026-04-29: HTTPSConnectionPool(host='ensemble-api.open-meteo.com', port=443): Read timed out. (read timeout=15)
2026-04-27 22:18:49,240 | WARNING | Ensemble fetch failed for icon_seamless shanghai 2026-04-29: HTTPSConnectionPool(host='ensemble-api.open-meteo.com', port=443): Read timed out. (read timeout=15)
2026-04-27 22:18:49,240 | INFO | Weather scan complete. Placed 0 trades.
2026-04-28 00:32:34,346 | INFO | === Weather Scan | mode=paper | bankroll=$79.88 ===
2026-04-28 00:32:41,389 | INFO | Resolved 2074608: NO -> WIN pnl=$0.88 balance=$80.75
2026-04-28 00:32:42,506 | INFO | Resolved 2074387: NO -> WIN pnl=$0.46 balance=$81.22
2026-04-28 00:32:43,973 | INFO | Resolved 2074607: NO -> WIN pnl=$1.91 balance=$83.12
2026-04-28 00:32:44,844 | INFO | Resolved 2074386: NO -> WIN pnl=$0.50 balance=$83.63
2026-04-28 00:32:45,645 | INFO | Resolved 2074606: NO -> WIN pnl=$0.46 balance=$84.09
2026-04-28 00:32:48,840 | INFO | Found 352 weather sub-markets
2026-04-28 00:32:50,577 | INFO | [NYC] Will the highest temperature in New York City be b mkt=0.05 model=0.03 edge=+1.6% fee=$0.00 => skip $0.00
2026-04-28 00:32:50,578 | INFO | [NYC] Will the highest temperature in New York City be b mkt=0.28 model=0.23 edge=+3.2% fee=$0.00 => skip $0.00
2026-04-28 00:32:52,205 | INFO | [NYC] Will the highest temperature in New York City be b mkt=0.05 model=0.07 edge=-2.5% fee=$0.00 => skip $0.00
2026-04-28 00:32:52,205 | INFO | [NYC] Will the highest temperature in New York City be b mkt=0.05 model=0.03 edge=+1.2% fee=$0.00 => skip $0.00
2026-04-28 00:32:53,825 | INFO | [Chicago] Will the highest temperature in Chicago be between mkt=0.04 model=0.00 edge=+3.4% fee=$0.00 => skip $0.00
2026-04-28 00:32:55,446 | INFO | [Los Angeles] Will the highest temperature in Los Angeles be bet mkt=0.07 model=0.18 edge=+6.9% fee=$0.00 => skip $0.00
2026-04-28 00:33:11,140 | WARNING | Ensemble fetch failed for ecmwf_ifs025 denver 2026-04-29: HTTPSConnectionPool(host='ensemble-api.open-meteo.com', port=443): Read timed out. (read timeout=15)
2026-04-28 00:33:26,311 | WARNING | Ensemble fetch failed for icon_seamless denver 2026-04-29: HTTPSConnectionPool(host='ensemble-api.open-meteo.com', port=443): Read timed out. (read timeout=15)
2026-04-28 00:33:26,311 | INFO | [Denver] Will the highest temperature in Denver be between  mkt=0.05 model=0.00 edge=+5.0% fee=$0.00 => skip $0.00
2026-04-28 00:33:26,311 | INFO | [Denver] Will the highest temperature in Denver be between  mkt=0.18 model=0.03 edge=+14.3% fee=$0.05 => NO $5.00
2026-04-28 00:33:27,767 | INFO | [Denver] Will the highest temperature in Denver be 56°F or  mkt=0.76 model=0.97 edge=+20.0% fee=$0.07 => YES $6.00
2026-04-28 00:33:42,935 | WARNING | Ensemble fetch failed for gfs_seamless denver 2026-04-28: HTTPSConnectionPool(host='ensemble-api.open-meteo.com', port=443): Read timed out. (read timeout=15)
2026-04-28 00:33:58,103 | WARNING | Ensemble fetch failed for ecmwf_ifs025 denver 2026-04-28: HTTPSConnectionPool(host='ensemble-api.open-meteo.com', port=443): Read timed out. (read timeout=15)
2026-04-28 00:34:13,275 | WARNING | Ensemble fetch failed for icon_seamless denver 2026-04-28: HTTPSConnectionPool(host='ensemble-api.open-meteo.com', port=443): Read timed out. (read timeout=15)
2026-04-28 00:34:28,437 | WARNING | Ensemble fetch failed for gfs_seamless seoul 2026-04-28: HTTPSConnectionPool(host='ensemble-api.open-meteo.com', port=443): Read timed out. (read timeout=15)
2026-04-28 00:34:43,604 | WARNING | Ensemble fetch failed for ecmwf_ifs025 seoul 2026-04-28: HTTPSConnectionPool(host='ensemble-api.open-meteo.com', port=443): Read timed out. (read timeout=15)
2026-04-28 00:34:58,771 | WARNING | Ensemble fetch failed for icon_seamless seoul 2026-04-28: HTTPSConnectionPool(host='ensemble-api.open-meteo.com', port=443): Read timed out. (read timeout=15)
2026-04-28 00:35:15,014 | WARNING | Ensemble fetch failed for icon_seamless shanghai 2026-04-29: HTTPSConnectionPool(host='ensemble-api.open-meteo.com', port=443): Read timed out. (read timeout=15)
2026-04-28 00:35:15,015 | INFO | [Shanghai] Will the highest temperature in Shanghai be 12°C o mkt=0.07 model=0.09 edge=-2.9% fee=$0.00 => skip $0.00
2026-04-28 00:35:15,015 | INFO | [Shanghai] Will the highest temperature in Shanghai be 16°C o mkt=0.07 model=0.00 edge=+7.1% fee=$0.00 => skip $0.00
2026-04-28 00:35:15,015 | INFO | [Shanghai] Will the highest temperature in Shanghai be 17°C o mkt=0.04 model=0.00 edge=+3.4% fee=$0.00 => skip $0.00
2026-04-28 00:35:15,016 | INFO | Weather scan complete. Placed 1 trades.
2026-04-28 03:06:05,671 | INFO | === Weather Scan | mode=paper | bankroll=$84.09 ===
2026-04-28 03:06:06,828 | INFO | Resolved 2074630: NO -> WIN pnl=$3.40 balance=$87.49
2026-04-28 03:06:07,893 | INFO | Resolved 2074279: NO -> LOSS pnl=$-5.00 balance=$82.49
2026-04-28 03:06:08,398 | INFO | Resolved 2074280: NO -> WIN pnl=$1.49 balance=$83.99
2026-04-28 03:06:09,752 | INFO | Resolved 2074389: NO -> WIN pnl=$1.12 balance=$85.11
2026-04-28 03:06:10,245 | INFO | Resolved 2074390: NO -> WIN pnl=$1.49 balance=$86.60
2026-04-28 03:06:16,171 | INFO | Resolved 2074388: NO -> WIN pnl=$0.74 balance=$87.35
2026-04-28 03:06:19,618 | INFO | Found 341 weather sub-markets
2026-04-28 03:06:21,252 | INFO | [NYC] Will the highest temperature in New York City be b mkt=0.05 model=0.07 edge=-3.3% fee=$0.00 => skip $0.00
2026-04-28 03:06:21,252 | INFO | [NYC] Will the highest temperature in New York City be b mkt=0.31 model=0.22 edge=+7.3% fee=$0.00 => skip $0.00
2026-04-28 03:06:22,766 | INFO | [NYC] Will the highest temperature in New York City be 5 mkt=0.09 model=0.01 edge=+7.9% fee=$0.00 => skip $0.00
2026-04-28 03:06:22,766 | INFO | [NYC] Will the highest temperature in New York City be b mkt=0.06 model=0.11 edge=+0.6% fee=$0.00 => skip $0.00
2026-04-28 03:06:22,766 | INFO | [NYC] Will the highest temperature in New York City be b mkt=0.03 model=0.02 edge=+0.5% fee=$0.00 => skip $0.00
2026-04-28 03:06:24,315 | INFO | [Chicago] Will the highest temperature in Chicago be between mkt=0.02 model=0.00 edge=+2.0% fee=$0.00 => skip $0.00
2026-04-28 03:06:25,827 | INFO | [Los Angeles] Will the highest temperature in Los Angeles be bet mkt=0.07 model=0.18 edge=+6.9% fee=$0.00 => skip $0.00
2026-04-28 03:06:27,399 | INFO | [Denver] Will the highest temperature in Denver be between  mkt=0.05 model=0.00 edge=+4.6% fee=$0.00 => skip $0.00
2026-04-28 03:06:27,399 | INFO | [Denver] Will the highest temperature in Denver be 56°F or  mkt=0.74 model=0.76 edge=+0.5% fee=$0.00 => skip $0.00
2026-04-28 03:06:42,559 | WARNING | Ensemble fetch failed for gfs_seamless denver 2026-04-28: HTTPSConnectionPool(host='ensemble-api.open-meteo.com', port=443): Read timed out. (read timeout=15)
2026-04-28 03:06:57,717 | WARNING | Ensemble fetch failed for ecmwf_ifs025 denver 2026-04-28: HTTPSConnectionPool(host='ensemble-api.open-meteo.com', port=443): Read timed out. (read timeout=15)
2026-04-28 03:07:12,865 | WARNING | Ensemble fetch failed for icon_seamless denver 2026-04-28: HTTPSConnectionPool(host='ensemble-api.open-meteo.com', port=443): Read timed out. (read timeout=15)
2026-04-28 03:07:28,030 | WARNING | Ensemble fetch failed for gfs_seamless shanghai 2026-04-29: HTTPSConnectionPool(host='ensemble-api.open-meteo.com', port=443): Read timed out. (read timeout=15)
2026-04-28 03:07:29,091 | INFO | [Shanghai] Will the highest temperature in Shanghai be 12°C o mkt=0.09 model=0.02 edge=+6.4% fee=$0.00 => skip $0.00
2026-04-28 03:07:29,091 | INFO | [Shanghai] Will the highest temperature in Shanghai be 16°C o mkt=0.04 model=0.01 edge=+3.2% fee=$0.00 => skip $0.00
2026-04-28 03:07:29,091 | INFO | [Shanghai] Will the highest temperature in Shanghai be 17°C o mkt=0.02 model=0.00 edge=+2.3% fee=$0.00 => skip $0.00
2026-04-28 03:07:29,092 | INFO | Weather scan complete. Placed 0 trades.
2026-04-28 04:42:01,683 | INFO | === Weather Scan | mode=paper | bankroll=$87.35 ===
2026-04-28 04:42:07,195 | INFO | Found 341 weather sub-markets
2026-04-28 04:42:08,673 | INFO | [NYC] Will the highest temperature in New York City be b mkt=0.04 model=0.07 edge=-2.5% fee=$0.00 => skip $0.00
2026-04-28 04:42:08,673 | INFO | [NYC] Will the highest temperature in New York City be b mkt=0.23 model=0.18 edge=+3.3% fee=$0.00 => skip $0.00
2026-04-28 04:42:10,068 | INFO | [NYC] Will the highest temperature in New York City be 5 mkt=0.04 model=0.01 edge=+3.0% fee=$0.00 => skip $0.00
2026-04-28 04:42:10,068 | INFO | [NYC] Will the highest temperature in New York City be b mkt=0.07 model=0.08 edge=-3.5% fee=$0.00 => skip $0.00
2026-04-28 04:42:10,068 | INFO | [NYC] Will the highest temperature in New York City be b mkt=0.03 model=0.01 edge=+2.1% fee=$0.00 => skip $0.00
2026-04-28 04:42:11,461 | INFO | [Chicago] Will the highest temperature in Chicago be between mkt=0.02 model=0.00 edge=+2.0% fee=$0.00 => skip $0.00
2026-04-28 04:42:12,852 | INFO | [Los Angeles] Will the highest temperature in Los Angeles be bet mkt=0.04 model=0.19 edge=+9.6% fee=$0.09 => YES $1.97
2026-04-28 04:42:14,229 | INFO | [Denver] Will the highest temperature in Denver be between  mkt=0.06 model=0.01 edge=+4.5% fee=$0.00 => skip $0.00
2026-04-28 04:42:14,229 | INFO | [Denver] Will the highest temperature in Denver be 56°F or  mkt=0.76 model=0.72 edge=-0.4% fee=$0.00 => skip $0.00
2026-04-28 04:42:29,821 | WARNING | Ensemble fetch failed for ecmwf_ifs025 denver 2026-04-28: HTTPSConnectionPool(host='ensemble-api.open-meteo.com', port=443): Read timed out. (read timeout=15)
2026-04-28 04:42:44,972 | WARNING | Ensemble fetch failed for icon_seamless denver 2026-04-28: HTTPSConnectionPool(host='ensemble-api.open-meteo.com', port=443): Read timed out. (read timeout=15)
2026-04-28 04:42:44,972 | INFO | [Denver] Will the highest temperature in Denver be 50°F or  mkt=0.98 model=1.00 edge=+2.1% fee=$0.00 => skip $0.00
2026-04-28 04:43:00,120 | WARNING | Ensemble fetch failed for gfs_seamless shanghai 2026-04-29: HTTPSConnectionPool(host='ensemble-api.open-meteo.com', port=443): Read timed out. (read timeout=15)
2026-04-28 04:43:15,269 | WARNING | Ensemble fetch failed for ecmwf_ifs025 shanghai 2026-04-29: HTTPSConnectionPool(host='ensemble-api.open-meteo.com', port=443): Read timed out. (read timeout=15)
2026-04-28 04:43:30,424 | WARNING | Ensemble fetch failed for icon_seamless shanghai 2026-04-29: HTTPSConnectionPool(host='ensemble-api.open-meteo.com', port=443): Read timed out. (read timeout=15)
2026-04-28 04:43:30,425 | INFO | Weather scan complete. Placed 0 trades.
2026-04-28 06:02:25,776 | INFO | === Weather Scan | mode=paper | bankroll=$87.35 ===
2026-04-28 06:02:27,704 | INFO | Resolved 2082339: YES -> LOSS pnl=$-5.00 balance=$82.35
2026-04-28 06:02:31,162 | INFO | Found 341 weather sub-markets
2026-04-28 06:02:32,465 | INFO | [NYC] Will the highest temperature in New York City be b mkt=0.05 model=0.05 edge=-4.5% fee=$0.00 => skip $0.00
2026-04-28 06:02:32,466 | INFO | [NYC] Will the highest temperature in New York City be b mkt=0.23 model=0.20 edge=+0.9% fee=$0.00 => skip $0.00
2026-04-28 06:02:33,663 | INFO | [NYC] Will the highest temperature in New York City be 5 mkt=0.04 model=0.01 edge=+2.5% fee=$0.00 => skip $0.00
2026-04-28 06:02:33,664 | INFO | [NYC] Will the highest temperature in New York City be b mkt=0.06 model=0.09 edge=-1.8% fee=$0.00 => skip $0.00
2026-04-28 06:02:33,664 | INFO | [NYC] Will the highest temperature in New York City be b mkt=0.03 model=0.02 edge=+0.8% fee=$0.00 => skip $0.00
2026-04-28 06:02:34,856 | INFO | [Los Angeles] Will the highest temperature in Los Angeles be bet mkt=0.04 model=0.17 edge=+7.9% fee=$0.00 => skip $0.00
2026-04-28 06:02:36,041 | INFO | [Denver] Will the highest temperature in Denver be between  mkt=0.06 model=0.01 edge=+4.9% fee=$0.00 => skip $0.00
2026-04-28 06:02:36,042 | INFO | [Denver] Will the highest temperature in Denver be 56°F or  mkt=0.73 model=0.73 edge=-3.6% fee=$0.00 => skip $0.00
2026-04-28 06:02:37,226 | INFO | [Denver] Will the highest temperature in Denver be 50°F or  mkt=0.98 model=1.00 edge=+2.1% fee=$0.00 => skip $0.00
2026-04-28 06:02:38,423 | INFO | [Shanghai] Will the highest temperature in Shanghai be 12°C o mkt=0.06 model=0.24 edge=+13.3% fee=$0.12 => YES $2.51
2026-04-28 06:02:38,424 | INFO | [Shanghai] Will the highest temperature in Shanghai be 16°C o mkt=0.04 model=0.00 edge=+4.3% fee=$0.00 => skip $0.00
2026-04-28 06:02:38,424 | INFO | Weather scan complete. Placed 0 trades.
2026-04-28 07:20:50,822 | INFO | === Weather Scan | mode=paper | bankroll=$82.35 ===
2026-04-28 07:20:56,241 | INFO | Found 341 weather sub-markets
2026-04-28 07:20:57,457 | INFO | [NYC] Will the highest temperature in New York City be b mkt=0.04 model=0.05 edge=-3.9% fee=$0.00 => skip $0.00
2026-04-28 07:20:57,458 | INFO | [NYC] Will the highest temperature in New York City be b mkt=0.23 model=0.20 edge=+1.8% fee=$0.00 => skip $0.00
2026-04-28 07:20:58,595 | INFO | [NYC] Will the highest temperature in New York City be 5 mkt=0.04 model=0.01 edge=+3.2% fee=$0.00 => skip $0.00
2026-04-28 07:20:58,595 | INFO | [NYC] Will the highest temperature in New York City be b mkt=0.06 model=0.09 edge=-1.9% fee=$0.00 => skip $0.00
2026-04-28 07:20:58,596 | INFO | [NYC] Will the highest temperature in New York City be b mkt=0.02 model=0.02 edge=+0.4% fee=$0.00 => skip $0.00
2026-04-28 07:20:59,753 | INFO | [Chicago] Will the highest temperature in Chicago be between mkt=0.03 model=0.00 edge=+2.4% fee=$0.00 => skip $0.00
2026-04-28 07:21:00,907 | INFO | [Los Angeles] Will the highest temperature in Los Angeles be bet mkt=0.04 model=0.17 edge=+7.9% fee=$0.00 => skip $0.00
2026-04-28 07:21:02,047 | INFO | [Denver] Will the highest temperature in Denver be between  mkt=0.06 model=0.01 edge=+4.8% fee=$0.00 => skip $0.00
2026-04-28 07:21:02,048 | INFO | [Denver] Will the highest temperature in Denver be 56°F or  mkt=0.76 model=0.73 edge=-1.2% fee=$0.00 => skip $0.00
2026-04-28 07:21:03,193 | INFO | [Denver] Will the highest temperature in Denver be 50°F or  mkt=0.98 model=1.00 edge=+2.3% fee=$0.00 => skip $0.00
2026-04-28 07:21:18,323 | WARNING | Ensemble fetch failed for gfs_seamless shanghai 2026-04-29: HTTPSConnectionPool(host='ensemble-api.open-meteo.com', port=443): Read timed out. (read timeout=15)
2026-04-28 07:21:33,452 | WARNING | Ensemble fetch failed for ecmwf_ifs025 shanghai 2026-04-29: HTTPSConnectionPool(host='ensemble-api.open-meteo.com', port=443): Read timed out. (read timeout=15)
2026-04-28 07:21:48,579 | WARNING | Ensemble fetch failed for icon_seamless shanghai 2026-04-29: HTTPSConnectionPool(host='ensemble-api.open-meteo.com', port=443): Read timed out. (read timeout=15)
2026-04-28 07:21:48,580 | INFO | Weather scan complete. Placed 0 trades.
2026-04-28 09:17:14,220 | INFO | === Weather Scan | mode=paper | bankroll=$82.35 ===
2026-04-28 09:17:14,383 | INFO | Resolved 2074346: YES -> LOSS pnl=$-2.45 balance=$79.90
2026-04-28 09:17:15,013 | INFO | Resolved 2074378: NO -> LOSS pnl=$-5.00 balance=$74.90
2026-04-28 09:17:15,412 | INFO | Resolved 2074379: NO -> WIN pnl=$1.41 balance=$76.31
2026-04-28 09:17:16,953 | INFO | Resolved 2074392: YES -> LOSS pnl=$-2.43 balance=$73.88
2026-04-28 09:17:18,235 | INFO | Resolved 2074345: NO -> LOSS pnl=$-3.01 balance=$70.87
2026-04-28 09:17:18,884 | INFO | Resolved 2074393: YES -> LOSS pnl=$-4.10 balance=$66.77
2026-04-28 09:17:20,195 | INFO | Resolved 2074391: YES -> WIN pnl=$19.07 balance=$85.84
2026-04-28 09:17:22,294 | INFO | Found 297 weather sub-markets
2026-04-28 09:17:23,518 | INFO | [NYC] Will the highest temperature in New York City be b mkt=0.03 model=0.05 edge=-3.4% fee=$0.00 => skip $0.00
2026-04-28 09:17:23,518 | INFO | [NYC] Will the highest temperature in New York City be b mkt=0.24 model=0.20 edge=+2.3% fee=$0.00 => skip $0.00
2026-04-28 09:17:24,691 | INFO | [NYC] Will the highest temperature in New York City be 5 mkt=0.09 model=0.01 edge=+7.7% fee=$0.00 => skip $0.00
2026-04-28 09:17:24,691 | INFO | [NYC] Will the highest temperature in New York City be b mkt=0.07 model=0.09 edge=-2.7% fee=$0.00 => skip $0.00
2026-04-28 09:17:25,855 | INFO | [Chicago] Will the highest temperature in Chicago be between mkt=0.04 model=0.00 edge=+3.6% fee=$0.00 => skip $0.00
2026-04-28 09:17:25,856 | INFO | [Chicago] Will the highest temperature in Chicago be between mkt=0.08 model=0.00 edge=+7.9% fee=$0.00 => skip $0.00
2026-04-28 09:17:27,014 | INFO | [Los Angeles] Will the highest temperature in Los Angeles be bet mkt=0.06 model=0.17 edge=+6.5% fee=$0.00 => skip $0.00
2026-04-28 09:17:28,204 | INFO | [Denver] Will the highest temperature in Denver be between  mkt=0.03 model=0.00 edge=+2.9% fee=$0.00 => skip $0.00
2026-04-28 09:17:28,204 | INFO | [Denver] Will the highest temperature in Denver be between  mkt=0.06 model=0.01 edge=+4.5% fee=$0.00 => skip $0.00
2026-04-28 09:17:28,204 | INFO | [Denver] Will the highest temperature in Denver be 56°F or  mkt=0.73 model=0.73 edge=-3.1% fee=$0.00 => skip $0.00
2026-04-28 09:17:29,411 | INFO | [Shanghai] Will the highest temperature in Shanghai be 12°C o mkt=0.05 model=0.24 edge=+14.4% fee=$0.12 => YES $2.49
2026-04-28 09:17:29,411 | INFO | [Shanghai] Will the highest temperature in Shanghai be 16°C o mkt=0.05 model=0.00 edge=+4.8% fee=$0.00 => skip $0.00
2026-04-28 09:17:29,412 | INFO | Weather scan complete. Placed 0 trades.
2026-04-28 12:05:21,888 | INFO | === Weather Scan | mode=paper | bankroll=$85.84 ===
2026-04-28 12:05:22,201 | INFO | Resolved 2074631: NO -> LOSS pnl=$-5.00 balance=$80.84
2026-04-28 12:05:23,026 | INFO | Resolved 2074632: NO -> WIN pnl=$0.50 balance=$81.34
2026-04-28 12:05:24,732 | INFO | Resolved 2074610: NO -> WIN pnl=$2.69 balance=$84.03
2026-04-28 12:05:25,470 | INFO | Resolved 2074611: YES -> LOSS pnl=$-4.07 balance=$79.96
2026-04-28 12:05:26,590 | INFO | Resolved 2074609: YES -> WIN pnl=$9.54 balance=$89.50
2026-04-28 12:05:29,047 | INFO | Found 275 weather sub-markets
2026-04-28 12:05:31,076 | INFO | [NYC] Will the highest temperature in New York City be b mkt=0.03 model=0.00 edge=+2.4% fee=$0.00 => skip $0.00
2026-04-28 12:05:31,077 | INFO | [NYC] Will the highest temperature in New York City be b mkt=0.02 model=0.01 edge=+1.1% fee=$0.00 => skip $0.00
2026-04-28 12:05:31,077 | INFO | [NYC] Will the highest temperature in New York City be b mkt=0.20 model=0.34 edge=+10.1% fee=$0.09 => YES $2.26
2026-04-28 12:05:33,068 | INFO | [NYC] Will the highest temperature in New York City be 5 mkt=0.05 model=0.04 edge=+0.6% fee=$0.00 => skip $0.00
2026-04-28 12:05:33,069 | INFO | [NYC] Will the highest temperature in New York City be b mkt=0.10 model=0.13 edge=-1.9% fee=$0.00 => skip $0.00
2026-04-28 12:05:35,049 | INFO | [Chicago] Will the highest temperature in Chicago be between mkt=0.05 model=0.00 edge=+4.6% fee=$0.00 => skip $0.00
2026-04-28 12:05:37,038 | INFO | [Los Angeles] Will the highest temperature in Los Angeles be bet mkt=0.06 model=0.16 edge=+6.2% fee=$0.00 => skip $0.00
2026-04-28 12:05:52,234 | WARNING | Ensemble fetch failed for gfs_seamless denver 2026-04-29: HTTPSConnectionPool(host='ensemble-api.open-meteo.com', port=443): Read timed out. (read timeout=15)
2026-04-28 12:06:07,433 | WARNING | Ensemble fetch failed for ecmwf_ifs025 denver 2026-04-29: HTTPSConnectionPool(host='ensemble-api.open-meteo.com', port=443): Read timed out. (read timeout=15)
2026-04-28 12:06:22,625 | WARNING | Ensemble fetch failed for icon_seamless denver 2026-04-29: HTTPSConnectionPool(host='ensemble-api.open-meteo.com', port=443): Read timed out. (read timeout=15)
2026-04-28 12:06:37,820 | WARNING | Ensemble fetch failed for gfs_seamless denver 2026-04-28: HTTPSConnectionPool(host='ensemble-api.open-meteo.com', port=443): Read timed out. (read timeout=15)
2026-04-28 12:06:53,004 | WARNING | Ensemble fetch failed for ecmwf_ifs025 denver 2026-04-28: HTTPSConnectionPool(host='ensemble-api.open-meteo.com', port=443): Read timed out. (read timeout=15)
2026-04-28 12:07:08,210 | WARNING | Ensemble fetch failed for icon_seamless denver 2026-04-28: HTTPSConnectionPool(host='ensemble-api.open-meteo.com', port=443): Read timed out. (read timeout=15)
2026-04-28 12:07:23,403 | WARNING | Ensemble fetch failed for gfs_seamless paris 2026-04-28: HTTPSConnectionPool(host='ensemble-api.open-meteo.com', port=443): Read timed out. (read timeout=15)
2026-04-28 12:07:38,600 | WARNING | Ensemble fetch failed for ecmwf_ifs025 paris 2026-04-28: HTTPSConnectionPool(host='ensemble-api.open-meteo.com', port=443): Read timed out. (read timeout=15)
2026-04-28 12:07:39,252 | INFO | [Paris] Will the highest temperature in Paris be 15°C or b mkt=0.50 model=0.00 edge=+47.5% fee=$0.20 => NO $8.00
2026-04-28 12:07:42,882 | INFO | [Seoul] Will the highest temperature in Seoul be 19°C or h mkt=0.50 model=0.00 edge=+47.5% fee=$0.20 => NO $8.00
2026-04-28 12:07:46,420 | INFO | [Shanghai] Will the highest temperature in Shanghai be 12°C o mkt=0.04 model=0.21 edge=+12.0% fee=$0.09 => YES $1.84
2026-04-28 12:07:46,420 | INFO | [Shanghai] Will the highest temperature in Shanghai be 16°C o mkt=0.04 model=0.00 edge=+3.8% fee=$0.00 => skip $0.00
2026-04-28 12:07:46,421 | INFO | Weather scan complete. Placed 2 trades.
2026-04-28 14:17:04,534 | INFO | === Weather Scan | mode=paper | bankroll=$89.50 ===
2026-04-28 14:17:09,170 | INFO | Resolved 2082301: NO -> WIN pnl=$7.98 balance=$97.49
2026-04-28 14:17:11,997 | INFO | Found 275 weather sub-markets
2026-04-28 14:17:13,853 | INFO | [NYC] Will the highest temperature in New York City be b mkt=0.35 model=0.34 edge=+0.1% fee=$0.00 => skip $0.00
2026-04-28 14:17:15,760 | INFO | [NYC] Will the highest temperature in New York City be 5 mkt=0.05 model=0.04 edge=+0.7% fee=$0.00 => skip $0.00
2026-04-28 14:17:15,761 | INFO | [NYC] Will the highest temperature in New York City be b mkt=0.08 model=0.13 edge=+0.9% fee=$0.00 => skip $0.00
2026-04-28 14:17:17,584 | INFO | [Chicago] Will the highest temperature in Chicago be between mkt=0.07 model=0.00 edge=+6.2% fee=$0.00 => skip $0.00
2026-04-28 14:17:19,357 | INFO | [Los Angeles] Will the highest temperature in Los Angeles be bet mkt=0.04 model=0.16 edge=+7.6% fee=$0.00 => skip $0.00
2026-04-28 14:17:34,535 | WARNING | Ensemble fetch failed for gfs_seamless denver 2026-04-29: HTTPSConnectionPool(host='ensemble-api.open-meteo.com', port=443): Read timed out. (read timeout=15)
2026-04-28 14:17:49,726 | WARNING | Ensemble fetch failed for ecmwf_ifs025 denver 2026-04-29: HTTPSConnectionPool(host='ensemble-api.open-meteo.com', port=443): Read timed out. (read timeout=15)
2026-04-28 14:18:04,893 | WARNING | Ensemble fetch failed for icon_seamless denver 2026-04-29: HTTPSConnectionPool(host='ensemble-api.open-meteo.com', port=443): Read timed out. (read timeout=15)
2026-04-28 14:18:20,077 | WARNING | Ensemble fetch failed for gfs_seamless shanghai 2026-04-29: HTTPSConnectionPool(host='ensemble-api.open-meteo.com', port=443): Read timed out. (read timeout=15)
2026-04-28 14:18:35,261 | WARNING | Ensemble fetch failed for ecmwf_ifs025 shanghai 2026-04-29: HTTPSConnectionPool(host='ensemble-api.open-meteo.com', port=443): Read timed out. (read timeout=15)
2026-04-28 14:18:50,440 | WARNING | Ensemble fetch failed for icon_seamless shanghai 2026-04-29: HTTPSConnectionPool(host='ensemble-api.open-meteo.com', port=443): Read timed out. (read timeout=15)
2026-04-28 14:18:50,441 | INFO | Weather scan complete. Placed 0 trades.
2026-04-28 15:19:07,296 | INFO | === Weather Scan | mode=paper | bankroll=$97.49 ===
2026-04-28 15:19:12,373 | INFO | Resolved 2082305: YES -> LOSS pnl=$-3.46 balance=$94.03
2026-04-28 15:19:16,374 | INFO | Found 275 weather sub-markets
2026-04-28 15:19:18,268 | INFO | [NYC] Will the highest temperature in New York City be b mkt=0.36 model=0.36 edge=-1.4% fee=$0.00 => skip $0.00
2026-04-28 15:19:20,038 | INFO | [NYC] Will the highest temperature in New York City be 5 mkt=0.03 model=0.00 edge=+2.7% fee=$0.00 => skip $0.00
2026-04-28 15:19:20,039 | INFO | [NYC] Will the highest temperature in New York City be b mkt=0.07 model=0.11 edge=+0.1% fee=$0.00 => skip $0.00
2026-04-28 15:19:21,919 | INFO | [Chicago] Will the highest temperature in Chicago be between mkt=0.05 model=0.00 edge=+4.7% fee=$0.00 => skip $0.00
2026-04-28 15:19:23,716 | INFO | [Los Angeles] Will the highest temperature in Los Angeles be bet mkt=0.04 model=0.16 edge=+8.0% fee=$0.09 => YES $1.95
2026-04-28 15:19:38,896 | WARNING | Ensemble fetch failed for gfs_seamless denver 2026-04-29: HTTPSConnectionPool(host='ensemble-api.open-meteo.com', port=443): Read timed out. (read timeout=15)
2026-04-28 15:19:54,077 | WARNING | Ensemble fetch failed for ecmwf_ifs025 denver 2026-04-29: HTTPSConnectionPool(host='ensemble-api.open-meteo.com', port=443): Read timed out. (read timeout=15)
2026-04-28 15:20:09,271 | WARNING | Ensemble fetch failed for icon_seamless denver 2026-04-29: HTTPSConnectionPool(host='ensemble-api.open-meteo.com', port=443): Read timed out. (read timeout=15)
2026-04-28 15:20:24,453 | WARNING | Ensemble fetch failed for gfs_seamless shanghai 2026-04-29: HTTPSConnectionPool(host='ensemble-api.open-meteo.com', port=443): Read timed out. (read timeout=15)
2026-04-28 15:20:39,633 | WARNING | Ensemble fetch failed for ecmwf_ifs025 shanghai 2026-04-29: HTTPSConnectionPool(host='ensemble-api.open-meteo.com', port=443): Read timed out. (read timeout=15)
2026-04-28 15:20:54,821 | WARNING | Ensemble fetch failed for icon_seamless shanghai 2026-04-29: HTTPSConnectionPool(host='ensemble-api.open-meteo.com', port=443): Read timed out. (read timeout=15)
2026-04-28 15:20:54,822 | INFO | Weather scan complete. Placed 0 trades.
2026-04-28 16:14:04,595 | INFO | === Weather Scan | mode=paper | bankroll=$94.03 ===
2026-04-28 16:14:09,535 | INFO | Found 275 weather sub-markets
2026-04-28 16:14:10,968 | INFO | [NYC] Will the highest temperature in New York City be b mkt=0.26 model=0.33 edge=+3.1% fee=$0.00 => skip $0.00
2026-04-28 16:14:12,345 | INFO | [NYC] Will the highest temperature in New York City be 5 mkt=0.03 model=0.00 edge=+3.1% fee=$0.00 => skip $0.00
2026-04-28 16:14:12,346 | INFO | [NYC] Will the highest temperature in New York City be b mkt=0.07 model=0.10 edge=-2.1% fee=$0.00 => skip $0.00
2026-04-28 16:14:13,705 | INFO | [Chicago] Will the highest temperature in Chicago be between mkt=0.12 model=0.00 edge=+11.3% fee=$0.03 => NO $5.00
2026-04-28 16:14:16,502 | INFO | [Los Angeles] Will the highest temperature in Los Angeles be bet mkt=0.07 model=0.18 edge=+6.4% fee=$0.00 => skip $0.00
2026-04-28 16:14:17,918 | INFO | [Denver] Will the highest temperature in Denver be between  mkt=0.02 model=0.00 edge=+1.9% fee=$0.00 => skip $0.00
2026-04-28 16:14:17,918 | INFO | [Denver] Will the highest temperature in Denver be between  mkt=0.04 model=0.00 edge=+3.9% fee=$0.00 => skip $0.00
2026-04-28 16:14:17,918 | INFO | [Denver] Will the highest temperature in Denver be between  mkt=0.14 model=0.06 edge=+7.5% fee=$0.00 => skip $0.00
2026-04-28 16:14:17,918 | INFO | [Denver] Will the highest temperature in Denver be 56°F or  mkt=0.41 model=0.63 edge=+18.7% fee=$0.14 => YES $4.93
2026-04-28 16:14:33,063 | WARNING | Ensemble fetch failed for gfs_seamless shanghai 2026-04-29: HTTPSConnectionPool(host='ensemble-api.open-meteo.com', port=443): Read timed out. (read timeout=15)
2026-04-28 16:14:48,207 | WARNING | Ensemble fetch failed for ecmwf_ifs025 shanghai 2026-04-29: HTTPSConnectionPool(host='ensemble-api.open-meteo.com', port=443): Read timed out. (read timeout=15)
2026-04-28 16:15:03,356 | WARNING | Ensemble fetch failed for icon_seamless shanghai 2026-04-29: HTTPSConnectionPool(host='ensemble-api.open-meteo.com', port=443): Read timed out. (read timeout=15)
2026-04-28 16:15:03,357 | INFO | Weather scan complete. Placed 1 trades.
2026-04-28 17:05:15,661 | INFO | === Weather Scan | mode=paper | bankroll=$94.03 ===
2026-04-28 17:05:20,112 | INFO | Found 275 weather sub-markets
2026-04-28 17:05:22,173 | INFO | [NYC] Will the highest temperature in New York City be b mkt=0.13 model=0.33 edge=+15.4% fee=$0.14 => YES $3.21
2026-04-28 17:05:24,179 | INFO | [NYC] Will the highest temperature in New York City be 5 mkt=0.03 model=0.00 edge=+3.0% fee=$0.00 => skip $0.00
2026-04-28 17:05:24,179 | INFO | [NYC] Will the highest temperature in New York City be b mkt=0.07 model=0.10 edge=-1.6% fee=$0.00 => skip $0.00
2026-04-28 17:05:26,191 | INFO | [Chicago] Will the highest temperature in Chicago be between mkt=0.02 model=0.00 edge=+2.2% fee=$0.00 => skip $0.00
2026-04-28 17:05:42,769 | WARNING | Ensemble fetch failed for icon_seamless la 2026-04-29: HTTPSConnectionPool(host='ensemble-api.open-meteo.com', port=443): Read timed out. (read timeout=15)
2026-04-28 17:05:42,769 | INFO | [Los Angeles] Will the highest temperature in Los Angeles be bet mkt=0.04 model=0.00 edge=+3.4% fee=$0.00 => skip $0.00
2026-04-28 17:05:57,972 | WARNING | Ensemble fetch failed for gfs_seamless denver 2026-04-29: HTTPSConnectionPool(host='ensemble-api.open-meteo.com', port=443): Read timed out. (read timeout=15)
2026-04-28 17:06:13,169 | WARNING | Ensemble fetch failed for ecmwf_ifs025 denver 2026-04-29: HTTPSConnectionPool(host='ensemble-api.open-meteo.com', port=443): Read timed out. (read timeout=15)
2026-04-28 17:06:28,370 | WARNING | Ensemble fetch failed for icon_seamless denver 2026-04-29: HTTPSConnectionPool(host='ensemble-api.open-meteo.com', port=443): Read timed out. (read timeout=15)
2026-04-28 17:06:43,577 | WARNING | Ensemble fetch failed for gfs_seamless denver 2026-04-28: HTTPSConnectionPool(host='ensemble-api.open-meteo.com', port=443): Read timed out. (read timeout=15)
2026-04-28 17:06:58,781 | WARNING | Ensemble fetch failed for ecmwf_ifs025 denver 2026-04-28: HTTPSConnectionPool(host='ensemble-api.open-meteo.com', port=443): Read timed out. (read timeout=15)
2026-04-28 17:06:59,448 | INFO | [Denver] Will the highest temperature in Denver be 50°F or  mkt=0.97 model=1.00 edge=+2.7% fee=$0.00 => skip $0.00
2026-04-28 17:07:01,440 | INFO | [Shanghai] Will the highest temperature in Shanghai be 16°C o mkt=0.03 model=0.00 edge=+2.4% fee=$0.00 => skip $0.00
2026-04-28 17:07:01,441 | INFO | Weather scan complete. Placed 0 trades.
2026-04-28 18:02:06,660 | INFO | === Weather Scan | mode=paper | bankroll=$94.03 ===
2026-04-28 18:02:07,017 | INFO | Resolved 2082404: YES -> LOSS pnl=$-3.56 balance=$90.47
2026-04-28 18:02:09,355 | INFO | Resolved 2082341: NO -> WIN pnl=$2.35 balance=$92.82
2026-04-28 18:02:10,930 | INFO | Resolved 2082344: NO -> WIN pnl=$7.98 balance=$100.81
2026-04-28 18:02:12,957 | INFO | Found 286 weather sub-markets
2026-04-28 18:02:14,438 | INFO | [NYC] Will the highest temperature in New York City be b mkt=0.04 model=0.26 edge=+17.4% fee=$0.16 => YES $3.27
2026-04-28 18:02:15,858 | INFO | [NYC] Will the highest temperature in New York City be 5 mkt=0.03 model=0.00 edge=+2.4% fee=$0.00 => skip $0.00
2026-04-28 18:02:15,858 | INFO | [NYC] Will the highest temperature in New York City be b mkt=0.08 model=0.10 edge=-2.3% fee=$0.00 => skip $0.00
2026-04-28 18:02:17,257 | INFO | [Chicago] Will the highest temperature in Chicago be between mkt=0.03 model=0.00 edge=+3.2% fee=$0.00 => skip $0.00
2026-04-28 18:02:18,700 | INFO | [Los Angeles] Will the highest temperature in Los Angeles be bet mkt=0.04 model=0.19 edge=+10.5% fee=$0.11 => YES $2.24
2026-04-28 18:02:20,112 | INFO | [Denver] Will the highest temperature in Denver be between  mkt=0.04 model=0.00 edge=+3.9% fee=$0.00 => skip $0.00
2026-04-28 18:02:20,112 | INFO | [Denver] Will the highest temperature in Denver be between  mkt=0.12 model=0.06 edge=+5.2% fee=$0.00 => skip $0.00
2026-04-28 18:02:20,112 | INFO | [Denver] Will the highest temperature in Denver be 56°F or  mkt=0.47 model=0.63 edge=+13.0% fee=$0.11 => YES $4.19
2026-04-28 18:02:20,115 | INFO | Weather scan complete. Placed 0 trades.
2026-04-28 19:02:34,097 | INFO | === Weather Scan | mode=paper | bankroll=$100.81 ===
2026-04-28 19:02:36,832 | INFO | Resolved 2082343: NO -> WIN pnl=$0.52 balance=$101.33
2026-04-28 19:02:37,772 | INFO | Resolved 2082371: NO -> WIN pnl=$1.80 balance=$103.13
2026-04-28 19:02:40,274 | INFO | Found 341 weather sub-markets
2026-04-28 19:02:41,809 | INFO | [NYC] Will the highest temperature in New York City be 5 mkt=0.03 model=0.00 edge=+2.4% fee=$0.00 => skip $0.00
2026-04-28 19:02:41,810 | INFO | [NYC] Will the highest temperature in New York City be b mkt=0.07 model=0.10 edge=-2.0% fee=$0.00 => skip $0.00
2026-04-28 19:02:43,226 | INFO | [Chicago] Will the highest temperature in Chicago be 55°F or mkt=0.53 model=0.63 edge=+7.8% fee=$0.00 => skip $0.00
2026-04-28 19:02:43,226 | INFO | [Chicago] Will the highest temperature in Chicago be between mkt=0.18 model=0.25 edge=+3.3% fee=$0.00 => skip $0.00
2026-04-28 19:02:43,227 | INFO | [Chicago] Will the highest temperature in Chicago be between mkt=0.10 model=0.07 edge=+2.9% fee=$0.00 => skip $0.00
2026-04-28 19:02:43,227 | INFO | [Chicago] Will the highest temperature in Chicago be between mkt=0.04 model=0.04 edge=-4.5% fee=$0.00 => skip $0.00
2026-04-28 19:02:43,227 | INFO | [Chicago] Will the highest temperature in Chicago be between mkt=0.02 model=0.01 edge=+1.1% fee=$0.00 => skip $0.00
2026-04-28 19:02:43,227 | INFO | [Chicago] Will the highest temperature in Chicago be between mkt=0.03 model=0.00 edge=+2.4% fee=$0.00 => skip $0.00
2026-04-28 19:02:43,227 | INFO | [Chicago] Will the highest temperature in Chicago be between mkt=0.02 model=0.00 edge=+2.3% fee=$0.00 => skip $0.00
2026-04-28 19:02:43,227 | INFO | [Chicago] Will the highest temperature in Chicago be between mkt=0.03 model=0.00 edge=+2.8% fee=$0.00 => skip $0.00
2026-04-28 19:02:43,228 | INFO | [Chicago] Will the highest temperature in Chicago be between mkt=0.04 model=0.00 edge=+3.4% fee=$0.00 => skip $0.00
2026-04-28 19:02:44,639 | INFO | [Denver] Will the highest temperature in Denver be between  mkt=0.04 model=0.00 edge=+3.9% fee=$0.00 => skip $0.00
2026-04-28 19:02:44,639 | INFO | [Denver] Will the highest temperature in Denver be between  mkt=0.12 model=0.06 edge=+5.8% fee=$0.00 => skip $0.00
2026-04-28 19:02:44,639 | INFO | [Denver] Will the highest temperature in Denver be 56°F or  mkt=0.35 model=0.63 edge=+24.4% fee=$0.19 => YES $6.00
2026-04-28 19:02:46,007 | INFO | [Paris] Will the highest temperature in Paris be 26°C or h mkt=0.02 model=0.00 edge=+2.2% fee=$0.00 => skip $0.00
2026-04-28 19:02:47,415 | INFO | [Paris] Will the highest temperature in Paris be 20°C on A mkt=0.03 model=0.13 edge=+5.7% fee=$0.00 => skip $0.00
2026-04-28 19:02:47,415 | INFO | [Paris] Will the highest temperature in Paris be 21°C on A mkt=0.04 model=0.09 edge=-0.3% fee=$0.00 => skip $0.00
2026-04-28 19:02:47,415 | INFO | [Paris] Will the highest temperature in Paris be 22°C on A mkt=0.16 model=0.31 edge=+10.9% fee=$0.11 => YES $2.73
2026-04-28 19:02:47,416 | INFO | [Paris] Will the highest temperature in Paris be 23°C on A mkt=0.32 model=0.29 edge=+1.2% fee=$0.00 => skip $0.00
2026-04-28 19:02:47,416 | INFO | [Paris] Will the highest temperature in Paris be 24°C or h mkt=0.57 model=0.07 edge=+46.8% fee=$0.23 => NO $8.00
2026-04-28 19:03:03,924 | WARNING | Ensemble fetch failed for gfs_seamless seoul 2026-04-30: HTTPSConnectionPool(host='ensemble-api.open-meteo.com', port=443): Read timed out. (read timeout=15)
2026-04-28 19:03:19,070 | WARNING | Ensemble fetch failed for ecmwf_ifs025 seoul 2026-04-30: HTTPSConnectionPool(host='ensemble-api.open-meteo.com', port=443): Read timed out. (read timeout=15)
2026-04-28 19:03:34,221 | WARNING | Ensemble fetch failed for icon_seamless seoul 2026-04-30: HTTPSConnectionPool(host='ensemble-api.open-meteo.com', port=443): Read timed out. (read timeout=15)
2026-04-28 19:03:34,223 | INFO | Weather scan complete. Placed 1 trades.
2026-04-28 20:01:22,275 | INFO | === Weather Scan | mode=paper | bankroll=$103.13 ===
2026-04-28 20:01:23,003 | INFO | Resolved 2082507: NO -> LOSS pnl=$-5.00 balance=$98.13
2026-04-28 20:01:24,544 | INFO | Resolved 2082342: NO -> WIN pnl=$1.90 balance=$100.03
2026-04-28 20:01:25,499 | INFO | Resolved 2082340: NO -> LOSS pnl=$-5.00 balance=$95.03
2026-04-28 20:01:26,136 | INFO | Resolved 2082508: NO -> WIN pnl=$0.69 balance=$95.72
2026-04-28 20:01:28,808 | INFO | Found 319 weather sub-markets
2026-04-28 20:01:30,887 | INFO | [NYC] Will the highest temperature in New York City be 5 mkt=0.03 model=0.00 edge=+2.4% fee=$0.00 => skip $0.00
2026-04-28 20:01:30,887 | INFO | [NYC] Will the highest temperature in New York City be b mkt=0.08 model=0.10 edge=-3.1% fee=$0.00 => skip $0.00
2026-04-28 20:01:32,858 | INFO | [NYC] Will the highest temperature in New York City be 5 mkt=0.04 model=0.02 edge=+2.2% fee=$0.00 => skip $0.00
2026-04-28 20:01:32,858 | INFO | [NYC] Will the highest temperature in New York City be b mkt=0.04 model=0.04 edge=+0.2% fee=$0.00 => skip $0.00
2026-04-28 20:01:32,858 | INFO | [NYC] Will the highest temperature in New York City be b mkt=0.14 model=0.07 edge=+7.2% fee=$0.00 => skip $0.00
2026-04-28 20:01:32,858 | INFO | [NYC] Will the highest temperature in New York City be b mkt=0.23 model=0.20 edge=+1.8% fee=$0.00 => skip $0.00
2026-04-28 20:01:32,859 | INFO | [NYC] Will the highest temperature in New York City be b mkt=0.28 model=0.36 edge=+4.9% fee=$0.00 => skip $0.00
2026-04-28 20:01:32,859 | INFO | [NYC] Will the highest temperature in New York City be b mkt=0.07 model=0.24 edge=+11.6% fee=$0.13 => YES $2.72
2026-04-28 20:01:32,859 | INFO | [NYC] Will the highest temperature in New York City be b mkt=0.04 model=0.06 edge=-3.1% fee=$0.00 => skip $0.00
2026-04-28 20:01:32,859 | INFO | [NYC] Will the highest temperature in New York City be b mkt=0.04 model=0.02 edge=+1.7% fee=$0.00 => skip $0.00
2026-04-28 20:01:34,869 | INFO | [Chicago] Will the highest temperature in Chicago be 55°F or mkt=0.46 model=0.63 edge=+14.4% fee=$0.13 => YES $4.90
2026-04-28 20:01:34,870 | INFO | [Chicago] Will the highest temperature in Chicago be between mkt=0.20 model=0.25 edge=+0.9% fee=$0.00 => skip $0.00
2026-04-28 20:01:34,870 | INFO | [Chicago] Will the highest temperature in Chicago be between mkt=0.11 model=0.07 edge=+3.9% fee=$0.00 => skip $0.00
2026-04-28 20:01:34,870 | INFO | [Chicago] Will the highest temperature in Chicago be between mkt=0.04 model=0.04 edge=+0.2% fee=$0.00 => skip $0.00
2026-04-28 20:01:34,870 | INFO | [Chicago] Will the highest temperature in Chicago be between mkt=0.03 model=0.01 edge=+2.0% fee=$0.00 => skip $0.00
2026-04-28 20:01:34,870 | INFO | [Chicago] Will the highest temperature in Chicago be between mkt=0.03 model=0.00 edge=+2.4% fee=$0.00 => skip $0.00
2026-04-28 20:01:34,871 | INFO | [Chicago] Will the highest temperature in Chicago be between mkt=0.02 model=0.00 edge=+2.1% fee=$0.00 => skip $0.00
2026-04-28 20:01:51,417 | WARNING | Ensemble fetch failed for icon_seamless miami 2026-04-30: HTTPSConnectionPool(host='ensemble-api.open-meteo.com', port=443): Read timed out. (read timeout=15)
2026-04-28 20:01:51,417 | INFO | [Miami] Will the highest temperature in Miami be between 8 mkt=0.04 model=0.09 edge=-0.5% fee=$0.00 => skip $0.00
2026-04-28 20:01:51,418 | INFO | [Miami] Will the highest temperature in Miami be between 8 mkt=0.06 model=0.51 edge=+40.5% fee=$0.35 => YES $7.44
2026-04-28 20:01:51,418 | INFO | [Miami] Will the highest temperature in Miami be between 8 mkt=0.41 model=0.32 edge=+7.7% fee=$0.00 => skip $0.00
2026-04-28 20:01:51,418 | INFO | [Miami] Will the highest temperature in Miami be between 8 mkt=0.42 model=0.07 edge=+32.6% fee=$0.17 => NO $8.00
2026-04-28 20:01:52,971 | INFO | [Miami] Will the highest temperature in Miami be between 9 mkt=0.07 model=0.00 edge=+6.7% fee=$0.00 => skip $0.00
2026-04-28 20:01:52,971 | INFO | [Miami] Will the highest temperature in Miami be between 9 mkt=0.04 model=0.00 edge=+3.4% fee=$0.00 => skip $0.00
2026-04-28 20:02:08,169 | WARNING | Ensemble fetch failed for gfs_seamless la 2026-04-29: HTTPSConnectionPool(host='ensemble-api.open-meteo.com', port=443): Read timed out. (read timeout=15)
2026-04-28 20:02:23,355 | WARNING | Ensemble fetch failed for ecmwf_ifs025 la 2026-04-29: HTTPSConnectionPool(host='ensemble-api.open-meteo.com', port=443): Read timed out. (read timeout=15)
2026-04-28 20:02:38,549 | WARNING | Ensemble fetch failed for icon_seamless la 2026-04-29: HTTPSConnectionPool(host='ensemble-api.open-meteo.com', port=443): Read timed out. (read timeout=15)
2026-04-28 20:02:53,747 | WARNING | Ensemble fetch failed for gfs_seamless la 2026-04-30: HTTPSConnectionPool(host='ensemble-api.open-meteo.com', port=443): Read timed out. (read timeout=15)
2026-04-28 20:03:08,944 | WARNING | Ensemble fetch failed for ecmwf_ifs025 la 2026-04-30: HTTPSConnectionPool(host='ensemble-api.open-meteo.com', port=443): Read timed out. (read timeout=15)
2026-04-28 20:03:24,140 | WARNING | Ensemble fetch failed for icon_seamless la 2026-04-30: HTTPSConnectionPool(host='ensemble-api.open-meteo.com', port=443): Read timed out. (read timeout=15)
2026-04-28 20:03:39,338 | WARNING | Ensemble fetch failed for gfs_seamless denver 2026-04-29: HTTPSConnectionPool(host='ensemble-api.open-meteo.com', port=443): Read timed out. (read timeout=15)
2026-04-28 20:03:40,663 | INFO | [Denver] Will the highest temperature in Denver be between  mkt=0.05 model=0.00 edge=+4.3% fee=$0.00 => skip $0.00
2026-04-28 20:03:40,663 | INFO | [Denver] Will the highest temperature in Denver be between  mkt=0.14 model=0.08 edge=+5.6% fee=$0.00 => skip $0.00
2026-04-28 20:03:40,664 | INFO | [Denver] Will the highest temperature in Denver be 56°F or  mkt=0.51 model=0.51 edge=-2.1% fee=$0.00 => skip $0.00
2026-04-28 20:03:42,647 | INFO | [Paris] Will the highest temperature in Paris be 21°C on A mkt=0.04 model=0.09 edge=+0.2% fee=$0.00 => skip $0.00
2026-04-28 20:03:42,647 | INFO | [Paris] Will the highest temperature in Paris be 22°C on A mkt=0.14 model=0.31 edge=+13.3% fee=$0.13 => YES $2.91
2026-04-28 20:03:42,647 | INFO | [Paris] Will the highest temperature in Paris be 23°C on A mkt=0.36 model=0.29 edge=+6.0% fee=$0.00 => skip $0.00
2026-04-28 20:03:44,619 | INFO | [Seoul] Will the highest temperature in Seoul be 15°C on A mkt=0.03 model=0.15 edge=+7.3% fee=$0.00 => skip $0.00
2026-04-28 20:03:44,619 | INFO | [Seoul] Will the highest temperature in Seoul be 16°C on A mkt=0.08 model=0.34 edge=+21.0% fee=$0.18 => YES $3.97
2026-04-28 20:03:44,619 | INFO | [Seoul] Will the highest temperature in Seoul be 17°C on A mkt=0.16 model=0.09 edge=+5.8% fee=$0.00 => skip $0.00
2026-04-28 20:03:44,619 | INFO | [Seoul] Will the highest temperature in Seoul be 18°C on A mkt=0.12 model=0.18 edge=+2.1% fee=$0.00 => skip $0.00
2026-04-28 20:03:44,619 | INFO | [Seoul] Will the highest temperature in Seoul be 19°C on A mkt=0.16 model=0.22 edge=+1.9% fee=$0.00 => skip $0.00
2026-04-28 20:03:44,620 | INFO | [Seoul] Will the highest temperature in Seoul be 20°C or h mkt=0.51 model=0.02 edge=+47.0% fee=$0.20 => NO $8.00
2026-04-28 20:03:46,169 | INFO | Weather scan complete. Placed 2 trades.
2026-04-28 20:52:22,791 | INFO | === Weather Scan | mode=paper | bankroll=$95.72 ===
2026-04-28 20:52:23,192 | INFO | Resolved 2082405: YES -> LOSS pnl=$-5.00 balance=$90.72
2026-04-28 20:52:28,300 | INFO | Found 330 weather sub-markets
2026-04-28 20:52:29,870 | INFO | [NYC] Will the highest temperature in New York City be 5 mkt=0.02 model=0.00 edge=+2.1% fee=$0.00 => skip $0.00
2026-04-28 20:52:29,871 | INFO | [NYC] Will the highest temperature in New York City be b mkt=0.07 model=0.10 edge=-2.0% fee=$0.00 => skip $0.00
2026-04-28 20:52:31,271 | INFO | [NYC] Will the highest temperature in New York City be 5 mkt=0.03 model=0.02 edge=+1.6% fee=$0.00 => skip $0.00
2026-04-28 20:52:31,272 | INFO | [NYC] Will the highest temperature in New York City be b mkt=0.04 model=0.04 edge=-4.7% fee=$0.00 => skip $0.00
2026-04-28 20:52:31,272 | INFO | [NYC] Will the highest temperature in New York City be b mkt=0.17 model=0.07 edge=+10.1% fee=$0.04 => NO $5.00
2026-04-28 20:52:32,646 | INFO | [NYC] Will the highest temperature in New York City be b mkt=0.28 model=0.20 edge=+6.6% fee=$0.00 => skip $0.00
2026-04-28 20:52:32,646 | INFO | [NYC] Will the highest temperature in New York City be b mkt=0.33 model=0.36 edge=+0.2% fee=$0.00 => skip $0.00
2026-04-28 20:52:32,646 | INFO | [NYC] Will the highest temperature in New York City be b mkt=0.10 model=0.24 edge=+9.6% fee=$0.10 => YES $2.13
2026-04-28 20:52:32,647 | INFO | [NYC] Will the highest temperature in New York City be b mkt=0.04 model=0.06 edge=-3.1% fee=$0.00 => skip $0.00
2026-04-28 20:52:32,647 | INFO | [NYC] Will the highest temperature in New York City be b mkt=0.03 model=0.02 edge=+1.6% fee=$0.00 => skip $0.00
2026-04-28 20:52:34,043 | INFO | [Chicago] Will the highest temperature in Chicago be 55°F or mkt=0.54 model=0.63 edge=+6.8% fee=$0.00 => skip $0.00
2026-04-28 20:52:34,043 | INFO | [Chicago] Will the highest temperature in Chicago be between mkt=0.15 model=0.25 edge=+5.7% fee=$0.00 => skip $0.00
2026-04-28 20:52:34,043 | INFO | [Chicago] Will the highest temperature in Chicago be between mkt=0.06 model=0.07 edge=-4.1% fee=$0.00 => skip $0.00
2026-04-28 20:52:34,043 | INFO | [Chicago] Will the highest temperature in Chicago be between mkt=0.03 model=0.04 edge=-3.8% fee=$0.00 => skip $0.00
2026-04-28 20:52:34,043 | INFO | [Chicago] Will the highest temperature in Chicago be between mkt=0.03 model=0.01 edge=+2.0% fee=$0.00 => skip $0.00
2026-04-28 20:52:35,454 | INFO | [Miami] Will the highest temperature in Miami be between 8 mkt=0.04 model=0.34 edge=+25.2% fee=$0.20 => YES $4.26
2026-04-28 20:52:35,455 | INFO | [Miami] Will the highest temperature in Miami be between 8 mkt=0.29 model=0.21 edge=+6.7% fee=$0.00 => skip $0.00
2026-04-28 20:52:35,455 | INFO | [Miami] Will the highest temperature in Miami be between 9 mkt=0.07 model=0.19 edge=+6.7% fee=$0.00 => skip $0.00
2026-04-28 20:52:35,455 | INFO | [Miami] Will the highest temperature in Miami be between 9 mkt=0.03 model=0.09 edge=+1.1% fee=$0.00 => skip $0.00
2026-04-28 20:52:50,607 | WARNING | Ensemble fetch failed for gfs_seamless la 2026-04-29: HTTPSConnectionPool(host='ensemble-api.open-meteo.com', port=443): Read timed out. (read timeout=15)
2026-04-28 20:53:05,749 | WARNING | Ensemble fetch failed for ecmwf_ifs025 la 2026-04-29: HTTPSConnectionPool(host='ensemble-api.open-meteo.com', port=443): Read timed out. (read timeout=15)
2026-04-28 20:53:20,902 | WARNING | Ensemble fetch failed for icon_seamless la 2026-04-29: HTTPSConnectionPool(host='ensemble-api.open-meteo.com', port=443): Read timed out. (read timeout=15)
2026-04-28 20:53:36,055 | WARNING | Ensemble fetch failed for gfs_seamless la 2026-04-30: HTTPSConnectionPool(host='ensemble-api.open-meteo.com', port=443): Read timed out. (read timeout=15)
2026-04-28 20:53:51,210 | WARNING | Ensemble fetch failed for ecmwf_ifs025 la 2026-04-30: HTTPSConnectionPool(host='ensemble-api.open-meteo.com', port=443): Read timed out. (read timeout=15)
2026-04-28 20:54:06,362 | WARNING | Ensemble fetch failed for icon_seamless la 2026-04-30: HTTPSConnectionPool(host='ensemble-api.open-meteo.com', port=443): Read timed out. (read timeout=15)
2026-04-28 20:54:21,504 | WARNING | Ensemble fetch failed for gfs_seamless denver 2026-04-29: HTTPSConnectionPool(host='ensemble-api.open-meteo.com', port=443): Read timed out. (read timeout=15)
2026-04-28 20:54:37,126 | WARNING | Ensemble fetch failed for icon_seamless denver 2026-04-29: HTTPSConnectionPool(host='ensemble-api.open-meteo.com', port=443): Read timed out. (read timeout=15)
2026-04-28 20:54:37,126 | INFO | [Denver] Will the highest temperature in Denver be between  mkt=0.03 model=0.00 edge=+2.4% fee=$0.00 => skip $0.00
2026-04-28 20:54:37,126 | INFO | [Denver] Will the highest temperature in Denver be between  mkt=0.12 model=0.08 edge=+3.8% fee=$0.00 => skip $0.00
2026-04-28 20:54:37,126 | INFO | [Denver] Will the highest temperature in Denver be 56°F or  mkt=0.52 model=0.41 edge=+7.7% fee=$0.00 => skip $0.00
2026-04-28 20:54:38,527 | INFO | [Denver] Will the highest temperature in Denver be 37°F or  mkt=0.02 model=0.00 edge=+2.3% fee=$0.00 => skip $0.00
2026-04-28 20:54:38,528 | INFO | [Denver] Will the highest temperature in Denver be between  mkt=0.03 model=0.00 edge=+3.0% fee=$0.00 => skip $0.00
2026-04-28 20:54:38,528 | INFO | [Denver] Will the highest temperature in Denver be between  mkt=0.06 model=0.00 edge=+5.7% fee=$0.00 => skip $0.00
2026-04-28 20:54:38,528 | INFO | [Denver] Will the highest temperature in Denver be between  mkt=0.31 model=0.00 edge=+29.4% fee=$0.12 => NO $8.00
2026-04-28 20:54:39,953 | INFO | [Denver] Will the highest temperature in Denver be between  mkt=0.32 model=0.00 edge=+29.9% fee=$0.13 => NO $8.00
2026-04-28 20:54:41,336 | INFO | [Denver] Will the highest temperature in Denver be between  mkt=0.09 model=0.00 edge=+8.5% fee=$0.02 => NO $5.00
2026-04-28 20:54:42,692 | INFO | [Denver] Will the highest temperature in Denver be between  mkt=0.10 model=0.07 edge=+2.9% fee=$0.00 => skip $0.00
2026-04-28 20:54:42,692 | INFO | [Denver] Will the highest temperature in Denver be between  mkt=0.06 model=0.20 edge=+9.0% fee=$0.07 => YES $1.52
2026-04-28 20:54:42,693 | INFO | [Denver] Will the highest temperature in Denver be between  mkt=0.04 model=0.20 edge=+10.9% fee=$0.08 => YES $1.71
2026-04-28 20:54:42,693 | INFO | [Denver] Will the highest temperature in Denver be between  mkt=0.04 model=0.24 edge=+15.0% fee=$0.10 => YES $2.15
2026-04-28 20:54:42,693 | INFO | [Denver] Will the highest temperature in Denver be 56°F or  mkt=0.04 model=0.30 edge=+21.5% fee=$0.14 => YES $2.87
2026-04-28 20:54:44,100 | INFO | [Paris] Will the highest temperature in Paris be 26°C or h mkt=0.02 model=0.00 edge=+2.1% fee=$0.00 => skip $0.00
2026-04-28 20:54:59,246 | WARNING | Ensemble fetch failed for gfs_seamless paris 2026-04-30: HTTPSConnectionPool(host='ensemble-api.open-meteo.com', port=443): Read timed out. (read timeout=15)
2026-04-28 20:55:14,400 | WARNING | Ensemble fetch failed for ecmwf_ifs025 paris 2026-04-30: HTTPSConnectionPool(host='ensemble-api.open-meteo.com', port=443): Read timed out. (read timeout=15)
2026-04-28 20:55:29,551 | WARNING | Ensemble fetch failed for icon_seamless paris 2026-04-30: HTTPSConnectionPool(host='ensemble-api.open-meteo.com', port=443): Read timed out. (read timeout=15)
2026-04-28 20:55:44,705 | WARNING | Ensemble fetch failed for gfs_seamless seoul 2026-04-30: HTTPSConnectionPool(host='ensemble-api.open-meteo.com', port=443): Read timed out. (read timeout=15)
2026-04-28 20:56:07,049 | WARNING | Ensemble fetch failed for ecmwf_ifs025 seoul 2026-04-30: HTTPSConnectionPool(host='ensemble-api.open-meteo.com', port=443): Read timed out. (read timeout=15)
2026-04-28 20:56:22,195 | WARNING | Ensemble fetch failed for icon_seamless seoul 2026-04-30: HTTPSConnectionPool(host='ensemble-api.open-meteo.com', port=443): Read timed out. (read timeout=15)
2026-04-28 20:56:37,344 | WARNING | Ensemble fetch failed for gfs_seamless shanghai 2026-04-30: HTTPSConnectionPool(host='ensemble-api.open-meteo.com', port=443): Read timed out. (read timeout=15)
2026-04-28 20:56:38,288 | INFO | [Shanghai] Will the highest temperature in Shanghai be 17°C o mkt=0.06 model=0.04 edge=+0.8% fee=$0.00 => skip $0.00
2026-04-28 20:56:38,288 | INFO | [Shanghai] Will the highest temperature in Shanghai be 18°C o mkt=0.35 model=0.49 edge=+11.2% fee=$0.08 => YES $2.33
2026-04-28 20:56:38,288 | INFO | [Shanghai] Will the highest temperature in Shanghai be 19°C o mkt=0.20 model=0.10 edge=+8.6% fee=$0.05 => NO $5.00
2026-04-28 20:56:39,694 | INFO | [Shanghai] Will the highest temperature in Shanghai be 20°C o mkt=0.28 model=0.27 edge=-0.4% fee=$0.00 => skip $0.00
2026-04-28 20:56:39,694 | INFO | [Shanghai] Will the highest temperature in Shanghai be 21°C o mkt=0.06 model=0.08 edge=-3.0% fee=$0.00 => skip $0.00
2026-04-28 20:56:39,694 | INFO | [Shanghai] Will the highest temperature in Shanghai be 22°C o mkt=0.04 model=0.01 edge=+3.2% fee=$0.00 => skip $0.00
2026-04-28 20:56:39,694 | INFO | [Shanghai] Will the highest temperature in Shanghai be 23°C o mkt=0.06 model=0.00 edge=+5.2% fee=$0.00 => skip $0.00
2026-04-28 20:56:39,695 | INFO | Weather scan complete. Placed 5 trades.
2026-04-28 21:24:39,094 | INFO | === Weather Scan | mode=paper | bankroll=$90.72 ===
2026-04-28 21:24:47,811 | INFO | Found 330 weather sub-markets
2026-04-28 21:24:49,592 | INFO | [NYC] Will the highest temperature in New York City be b mkt=0.09 model=0.26 edge=+12.5% fee=$0.12 => YES $2.56
2026-04-28 21:24:51,263 | INFO | [NYC] Will the highest temperature in New York City be 5 mkt=0.03 model=0.00 edge=+2.5% fee=$0.00 => skip $0.00
2026-04-28 21:24:51,263 | INFO | [NYC] Will the highest temperature in New York City be b mkt=0.07 model=0.10 edge=-1.9% fee=$0.00 => skip $0.00
2026-04-28 21:24:52,899 | INFO | [NYC] Will the highest temperature in New York City be 5 mkt=0.04 model=0.02 edge=+1.8% fee=$0.00 => skip $0.00
2026-04-28 21:24:52,900 | INFO | [NYC] Will the highest temperature in New York City be b mkt=0.05 model=0.04 edge=+0.3% fee=$0.00 => skip $0.00
2026-04-28 21:24:52,900 | INFO | [NYC] Will the highest temperature in New York City be b mkt=0.28 model=0.20 edge=+6.6% fee=$0.00 => skip $0.00
2026-04-28 21:24:52,900 | INFO | [NYC] Will the highest temperature in New York City be b mkt=0.34 model=0.36 edge=-0.8% fee=$0.00 => skip $0.00
2026-04-28 21:24:52,900 | INFO | [NYC] Will the highest temperature in New York City be b mkt=0.12 model=0.24 edge=+7.5% fee=$0.00 => skip $0.00
2026-04-28 21:24:52,901 | INFO | [NYC] Will the highest temperature in New York City be b mkt=0.04 model=0.06 edge=-3.2% fee=$0.00 => skip $0.00
2026-04-28 21:24:52,901 | INFO | [NYC] Will the highest temperature in New York City be b mkt=0.04 model=0.02 edge=+1.8% fee=$0.00 => skip $0.00
2026-04-28 21:24:54,572 | INFO | [Chicago] Will the highest temperature in Chicago be between mkt=0.03 model=0.00 edge=+2.8% fee=$0.00 => skip $0.00
2026-04-28 21:25:10,296 | WARNING | Ensemble fetch failed for ecmwf_ifs025 chicago 2026-04-30: HTTPSConnectionPool(host='ensemble-api.open-meteo.com', port=443): Read timed out. (read timeout=15)
2026-04-28 21:25:25,465 | WARNING | Ensemble fetch failed for icon_seamless chicago 2026-04-30: HTTPSConnectionPool(host='ensemble-api.open-meteo.com', port=443): Read timed out. (read timeout=15)
2026-04-28 21:25:25,465 | INFO | [Chicago] Will the highest temperature in Chicago be 55°F or mkt=0.55 model=0.32 edge=+19.5% fee=$0.15 => NO $5.55
2026-04-28 21:25:26,976 | INFO | [Chicago] Will the highest temperature in Chicago be between mkt=0.17 model=0.32 edge=+11.1% fee=$0.10 => YES $2.35
2026-04-28 21:25:26,976 | INFO | [Chicago] Will the highest temperature in Chicago be between mkt=0.07 model=0.16 edge=+5.0% fee=$0.00 => skip $0.00
2026-04-28 21:25:26,976 | INFO | [Chicago] Will the highest temperature in Chicago be between mkt=0.04 model=0.16 edge=+7.7% fee=$0.00 => skip $0.00
2026-04-28 21:25:26,977 | INFO | [Chicago] Will the highest temperature in Chicago be between mkt=0.03 model=0.03 edge=-4.1% fee=$0.00 => skip $0.00
2026-04-28 21:25:42,151 | WARNING | Ensemble fetch failed for gfs_seamless miami 2026-04-30: HTTPSConnectionPool(host='ensemble-api.open-meteo.com', port=443): Read timed out. (read timeout=15)
2026-04-28 21:25:57,324 | WARNING | Ensemble fetch failed for ecmwf_ifs025 miami 2026-04-30: HTTPSConnectionPool(host='ensemble-api.open-meteo.com', port=443): Read timed out. (read timeout=15)
2026-04-28 21:26:12,498 | WARNING | Ensemble fetch failed for icon_seamless miami 2026-04-30: HTTPSConnectionPool(host='ensemble-api.open-meteo.com', port=443): Read timed out. (read timeout=15)
2026-04-28 21:26:27,664 | WARNING | Ensemble fetch failed for gfs_seamless la 2026-04-30: HTTPSConnectionPool(host='ensemble-api.open-meteo.com', port=443): Read timed out. (read timeout=15)
2026-04-28 21:26:42,838 | WARNING | Ensemble fetch failed for ecmwf_ifs025 la 2026-04-30: HTTPSConnectionPool(host='ensemble-api.open-meteo.com', port=443): Read timed out. (read timeout=15)
2026-04-28 21:26:58,011 | WARNING | Ensemble fetch failed for icon_seamless la 2026-04-30: HTTPSConnectionPool(host='ensemble-api.open-meteo.com', port=443): Read timed out. (read timeout=15)
2026-04-28 21:26:59,672 | INFO | [Denver] Will the highest temperature in Denver be between  mkt=0.02 model=0.00 edge=+2.0% fee=$0.00 => skip $0.00
2026-04-28 21:26:59,672 | INFO | [Denver] Will the highest temperature in Denver be between  mkt=0.13 model=0.06 edge=+6.2% fee=$0.00 => skip $0.00
2026-04-28 21:26:59,672 | INFO | [Denver] Will the highest temperature in Denver be 56°F or  mkt=0.54 model=0.63 edge=+7.3% fee=$0.00 => skip $0.00
2026-04-28 21:27:01,316 | INFO | [Denver] Will the highest temperature in Denver be 37°F or  mkt=0.02 model=0.00 edge=+2.0% fee=$0.00 => skip $0.00
2026-04-28 21:27:01,316 | INFO | [Denver] Will the highest temperature in Denver be between  mkt=0.03 model=0.00 edge=+2.5% fee=$0.00 => skip $0.00
2026-04-28 21:27:01,316 | INFO | [Denver] Will the highest temperature in Denver be between  mkt=0.06 model=0.00 edge=+5.2% fee=$0.00 => skip $0.00
2026-04-28 21:27:01,317 | INFO | [Denver] Will the highest temperature in Denver be between  mkt=0.06 model=0.07 edge=-3.7% fee=$0.00 => skip $0.00
2026-04-28 21:27:01,317 | INFO | [Denver] Will the highest temperature in Denver be between  mkt=0.04 model=0.20 edge=+11.3% fee=$0.10 => YES $2.14
2026-04-28 21:27:01,317 | INFO | [Denver] Will the highest temperature in Denver be between  mkt=0.04 model=0.20 edge=+11.3% fee=$0.10 => YES $2.14
2026-04-28 21:27:01,317 | INFO | [Denver] Will the highest temperature in Denver be between  mkt=0.04 model=0.24 edge=+15.4% fee=$0.13 => YES $2.68
2026-04-28 21:27:01,317 | INFO | [Denver] Will the highest temperature in Denver be 56°F or  mkt=0.04 model=0.30 edge=+22.0% fee=$0.17 => YES $3.55
2026-04-28 21:27:02,946 | INFO | [Paris] Will the highest temperature in Paris be 26°C or h mkt=0.02 model=0.00 edge=+2.2% fee=$0.00 => skip $0.00
2026-04-28 21:27:04,594 | INFO | [Paris] Will the highest temperature in Paris be 21°C on A mkt=0.04 model=0.11 edge=+1.9% fee=$0.00 => skip $0.00
2026-04-28 21:27:04,594 | INFO | [Paris] Will the highest temperature in Paris be 22°C on A mkt=0.15 model=0.35 edge=+15.5% fee=$0.13 => YES $2.99
2026-04-28 21:27:04,595 | INFO | [Paris] Will the highest temperature in Paris be 23°C on A mkt=0.38 model=0.28 edge=+8.2% fee=$0.06 => NO $3.41
2026-04-28 21:27:21,322 | WARNING | Ensemble fetch failed for gfs_seamless seoul 2026-04-29: HTTPSConnectionPool(host='ensemble-api.open-meteo.com', port=443): Read timed out. (read timeout=15)
2026-04-28 21:27:36,489 | WARNING | Ensemble fetch failed for ecmwf_ifs025 seoul 2026-04-29: HTTPSConnectionPool(host='ensemble-api.open-meteo.com', port=443): Read timed out. (read timeout=15)
2026-04-28 21:27:51,659 | WARNING | Ensemble fetch failed for icon_seamless seoul 2026-04-29: HTTPSConnectionPool(host='ensemble-api.open-meteo.com', port=443): Read timed out. (read timeout=15)
2026-04-28 21:28:06,827 | WARNING | Ensemble fetch failed for gfs_seamless seoul 2026-04-30: HTTPSConnectionPool(host='ensemble-api.open-meteo.com', port=443): Read timed out. (read timeout=15)
2026-04-28 21:28:21,999 | WARNING | Ensemble fetch failed for ecmwf_ifs025 seoul 2026-04-30: HTTPSConnectionPool(host='ensemble-api.open-meteo.com', port=443): Read timed out. (read timeout=15)
2026-04-28 21:28:37,167 | WARNING | Ensemble fetch failed for icon_seamless seoul 2026-04-30: HTTPSConnectionPool(host='ensemble-api.open-meteo.com', port=443): Read timed out. (read timeout=15)
2026-04-28 21:28:52,338 | WARNING | Ensemble fetch failed for gfs_seamless shanghai 2026-04-30: HTTPSConnectionPool(host='ensemble-api.open-meteo.com', port=443): Read timed out. (read timeout=15)
2026-04-28 21:29:07,515 | WARNING | Ensemble fetch failed for ecmwf_ifs025 shanghai 2026-04-30: HTTPSConnectionPool(host='ensemble-api.open-meteo.com', port=443): Read timed out. (read timeout=15)
2026-04-28 21:29:08,077 | INFO | [Shanghai] Will the highest temperature in Shanghai be 16°C o mkt=0.03 model=0.00 edge=+2.4% fee=$0.00 => skip $0.00
2026-04-28 21:29:08,077 | INFO | [Shanghai] Will the highest temperature in Shanghai be 17°C o mkt=0.09 model=0.00 edge=+8.1% fee=$0.02 => NO $5.00
2026-04-28 21:29:09,584 | INFO | [Shanghai] Will the highest temperature in Shanghai be 18°C o mkt=0.33 model=0.00 edge=+31.4% fee=$0.13 => NO $8.00
2026-04-28 21:29:11,046 | INFO | [Shanghai] Will the highest temperature in Shanghai be 20°C o mkt=0.16 model=0.62 edge=+42.3% fee=$0.24 => YES $5.71
2026-04-28 21:29:11,047 | INFO | [Shanghai] Will the highest temperature in Shanghai be 21°C o mkt=0.06 model=0.17 edge=+6.8% fee=$0.00 => skip $0.00
2026-04-28 21:29:11,047 | INFO | [Shanghai] Will the highest temperature in Shanghai be 23°C o mkt=0.04 model=0.00 edge=+4.3% fee=$0.00 => skip $0.00
2026-04-28 21:29:11,047 | INFO | Weather scan complete. Placed 4 trades.
2026-04-28 21:48:25,077 | INFO | === Weather Scan | mode=paper | bankroll=$90.72 ===
2026-04-28 21:48:25,585 | INFO | Resolved 2082660: YES -> LOSS pnl=$-5.00 balance=$85.72
2026-04-28 21:48:31,133 | INFO | Found 330 weather sub-markets
2026-04-28 21:48:32,601 | INFO | [NYC] Will the highest temperature in New York City be 5 mkt=0.02 model=0.00 edge=+2.3% fee=$0.00 => skip $0.00
2026-04-28 21:48:32,602 | INFO | [NYC] Will the highest temperature in New York City be b mkt=0.07 model=0.10 edge=-1.5% fee=$0.00 => skip $0.00
2026-04-28 21:48:34,015 | INFO | [NYC] Will the highest temperature in New York City be 5 mkt=0.04 model=0.02 edge=+1.9% fee=$0.00 => skip $0.00
2026-04-28 21:48:34,015 | INFO | [NYC] Will the highest temperature in New York City be b mkt=0.05 model=0.04 edge=+0.9% fee=$0.00 => skip $0.00
2026-04-28 21:48:34,015 | INFO | [NYC] Will the highest temperature in New York City be b mkt=0.30 model=0.20 edge=+8.5% fee=$0.07 => NO $4.47
2026-04-28 21:48:35,393 | INFO | [NYC] Will the highest temperature in New York City be b mkt=0.33 model=0.36 edge=+0.2% fee=$0.00 => skip $0.00
2026-04-28 21:48:35,393 | INFO | [NYC] Will the highest temperature in New York City be b mkt=0.12 model=0.24 edge=+7.1% fee=$0.00 => skip $0.00
2026-04-28 21:48:35,393 | INFO | [NYC] Will the highest temperature in New York City be b mkt=0.04 model=0.06 edge=-3.3% fee=$0.00 => skip $0.00
2026-04-28 21:48:35,393 | INFO | [NYC] Will the highest temperature in New York City be b mkt=0.04 model=0.02 edge=+1.9% fee=$0.00 => skip $0.00
2026-04-28 21:48:36,823 | INFO | [Chicago] Will the highest temperature in Chicago be between mkt=0.19 model=0.25 edge=+2.4% fee=$0.00 => skip $0.00
2026-04-28 21:48:36,823 | INFO | [Chicago] Will the highest temperature in Chicago be between mkt=0.07 model=0.07 edge=-4.6% fee=$0.00 => skip $0.00
2026-04-28 21:48:36,824 | INFO | [Chicago] Will the highest temperature in Chicago be between mkt=0.04 model=0.04 edge=-4.4% fee=$0.00 => skip $0.00
2026-04-28 21:48:36,824 | INFO | [Chicago] Will the highest temperature in Chicago be between mkt=0.03 model=0.01 edge=+1.6% fee=$0.00 => skip $0.00
2026-04-28 21:48:38,263 | INFO | [Miami] Will the highest temperature in Miami be between 8 mkt=0.04 model=0.34 edge=+25.2% fee=$0.19 => YES $4.05
2026-04-28 21:48:38,263 | INFO | [Miami] Will the highest temperature in Miami be between 8 mkt=0.29 model=0.21 edge=+6.2% fee=$0.00 => skip $0.00
2026-04-28 21:48:38,264 | INFO | [Miami] Will the highest temperature in Miami be between 9 mkt=0.08 model=0.19 edge=+6.0% fee=$0.00 => skip $0.00
2026-04-28 21:48:38,264 | INFO | [Miami] Will the highest temperature in Miami be between 9 mkt=0.03 model=0.09 edge=+0.9% fee=$0.00 => skip $0.00
2026-04-28 21:48:53,424 | WARNING | Ensemble fetch failed for gfs_seamless la 2026-04-30: HTTPSConnectionPool(host='ensemble-api.open-meteo.com', port=443): Read timed out. (read timeout=15)
2026-04-28 21:49:08,575 | WARNING | Ensemble fetch failed for ecmwf_ifs025 la 2026-04-30: HTTPSConnectionPool(host='ensemble-api.open-meteo.com', port=443): Read timed out. (read timeout=15)
2026-04-28 21:49:23,728 | WARNING | Ensemble fetch failed for icon_seamless la 2026-04-30: HTTPSConnectionPool(host='ensemble-api.open-meteo.com', port=443): Read timed out. (read timeout=15)
2026-04-28 21:49:38,884 | WARNING | Ensemble fetch failed for gfs_seamless denver 2026-04-29: HTTPSConnectionPool(host='ensemble-api.open-meteo.com', port=443): Read timed out. (read timeout=15)
2026-04-28 21:49:39,847 | INFO | [Denver] Will the highest temperature in Denver be between  mkt=0.03 model=0.00 edge=+2.8% fee=$0.00 => skip $0.00
2026-04-28 21:49:39,847 | INFO | [Denver] Will the highest temperature in Denver be between  mkt=0.13 model=0.08 edge=+4.2% fee=$0.00 => skip $0.00
2026-04-28 21:49:39,847 | INFO | [Denver] Will the highest temperature in Denver be 56°F or  mkt=0.52 model=0.51 edge=-1.1% fee=$0.00 => skip $0.00
2026-04-28 21:49:41,261 | INFO | [Denver] Will the highest temperature in Denver be 37°F or  mkt=0.02 model=0.00 edge=+2.0% fee=$0.00 => skip $0.00
2026-04-28 21:49:41,262 | INFO | [Denver] Will the highest temperature in Denver be between  mkt=0.03 model=0.00 edge=+2.5% fee=$0.00 => skip $0.00
2026-04-28 21:49:41,262 | INFO | [Denver] Will the highest temperature in Denver be between  mkt=0.06 model=0.00 edge=+5.3% fee=$0.00 => skip $0.00
2026-04-28 21:49:41,262 | INFO | [Denver] Will the highest temperature in Denver be between  mkt=0.06 model=0.07 edge=-3.7% fee=$0.00 => skip $0.00
2026-04-28 21:49:41,262 | INFO | [Denver] Will the highest temperature in Denver be between  mkt=0.04 model=0.20 edge=+11.3% fee=$0.10 => YES $2.17
2026-04-28 21:49:41,262 | INFO | [Denver] Will the highest temperature in Denver be between  mkt=0.04 model=0.20 edge=+11.3% fee=$0.10 => YES $2.17
2026-04-28 21:49:41,262 | INFO | [Denver] Will the highest temperature in Denver be between  mkt=0.03 model=0.24 edge=+15.9% fee=$0.13 => YES $2.77
2026-04-28 21:49:41,263 | INFO | [Denver] Will the highest temperature in Denver be 56°F or  mkt=0.03 model=0.30 edge=+22.5% fee=$0.18 => YES $3.65
2026-04-28 21:49:42,688 | INFO | [Paris] Will the highest temperature in Paris be 22°C on A mkt=0.18 model=0.35 edge=+12.7% fee=$0.11 => YES $2.66
2026-04-28 21:49:44,091 | INFO | [Seoul] Will the highest temperature in Seoul be 16°C on A mkt=0.12 model=0.34 edge=+16.7% fee=$0.14 => YES $3.12
2026-04-28 21:49:44,092 | INFO | [Seoul] Will the highest temperature in Seoul be 17°C on A mkt=0.20 model=0.09 edge=+9.9% fee=$0.05 => NO $5.00
2026-04-28 21:49:45,514 | INFO | [Seoul] Will the highest temperature in Seoul be 18°C on A mkt=0.17 model=0.18 edge=-3.6% fee=$0.00 => skip $0.00
2026-04-28 21:49:45,514 | INFO | [Seoul] Will the highest temperature in Seoul be 19°C on A mkt=0.21 model=0.22 edge=-3.3% fee=$0.00 => skip $0.00
2026-04-28 21:50:00,676 | WARNING | Ensemble fetch failed for gfs_seamless shanghai 2026-04-30: HTTPSConnectionPool(host='ensemble-api.open-meteo.com', port=443): Read timed out. (read timeout=15)
2026-04-28 21:50:15,816 | WARNING | Ensemble fetch failed for ecmwf_ifs025 shanghai 2026-04-30: HTTPSConnectionPool(host='ensemble-api.open-meteo.com', port=443): Read timed out. (read timeout=15)
2026-04-28 21:50:30,969 | WARNING | Ensemble fetch failed for icon_seamless shanghai 2026-04-30: HTTPSConnectionPool(host='ensemble-api.open-meteo.com', port=443): Read timed out. (read timeout=15)
2026-04-28 21:50:30,969 | INFO | Weather scan complete. Placed 2 trades.
2026-04-28 23:19:18,189 | INFO | === Weather Scan | mode=paper | bankroll=$85.72 ===
2026-04-28 23:19:18,835 | INFO | Resolved 2082661: YES -> LOSS pnl=$-4.81 balance=$80.91
2026-04-28 23:19:26,534 | INFO | Found 330 weather sub-markets
2026-04-28 23:19:28,344 | INFO | [NYC] Will the highest temperature in New York City be b mkt=0.07 model=0.10 edge=-2.3% fee=$0.00 => skip $0.00
2026-04-28 23:19:28,344 | INFO | [NYC] Will the highest temperature in New York City be b mkt=0.03 model=0.01 edge=+2.1% fee=$0.00 => skip $0.00
2026-04-28 23:19:30,005 | INFO | [NYC] Will the highest temperature in New York City be 5 mkt=0.03 model=0.02 edge=+1.6% fee=$0.00 => skip $0.00
2026-04-28 23:19:30,006 | INFO | [NYC] Will the highest temperature in New York City be b mkt=0.05 model=0.04 edge=+0.3% fee=$0.00 => skip $0.00
2026-04-28 23:19:30,006 | INFO | [NYC] Will the highest temperature in New York City be b mkt=0.29 model=0.36 edge=+3.0% fee=$0.00 => skip $0.00
2026-04-28 23:19:30,006 | INFO | [NYC] Will the highest temperature in New York City be b mkt=0.13 model=0.24 edge=+6.1% fee=$0.00 => skip $0.00
2026-04-28 23:19:30,006 | INFO | [NYC] Will the highest temperature in New York City be b mkt=0.05 model=0.06 edge=-3.6% fee=$0.00 => skip $0.00
2026-04-28 23:19:30,006 | INFO | [NYC] Will the highest temperature in New York City be b mkt=0.04 model=0.02 edge=+2.0% fee=$0.00 => skip $0.00
2026-04-28 23:19:31,677 | INFO | [Chicago] Will the highest temperature in Chicago be between mkt=0.03 model=0.00 edge=+2.8% fee=$0.00 => skip $0.00
2026-04-28 23:19:33,360 | INFO | [Chicago] Will the highest temperature in Chicago be between mkt=0.18 model=0.25 edge=+2.8% fee=$0.00 => skip $0.00
2026-04-28 23:19:33,360 | INFO | [Chicago] Will the highest temperature in Chicago be between mkt=0.07 model=0.07 edge=-4.6% fee=$0.00 => skip $0.00
2026-04-28 23:19:33,360 | INFO | [Chicago] Will the highest temperature in Chicago be between mkt=0.04 model=0.04 edge=-4.6% fee=$0.00 => skip $0.00
2026-04-28 23:19:35,024 | INFO | [Miami] Will the highest temperature in Miami be between 8 mkt=0.05 model=0.34 edge=+24.7% fee=$0.19 => YES $3.98
2026-04-28 23:19:35,024 | INFO | [Miami] Will the highest temperature in Miami be between 8 mkt=0.29 model=0.21 edge=+6.7% fee=$0.00 => skip $0.00
2026-04-28 23:19:35,025 | INFO | [Miami] Will the highest temperature in Miami be between 9 mkt=0.13 model=0.19 edge=+1.3% fee=$0.00 => skip $0.00
2026-04-28 23:19:35,025 | INFO | [Miami] Will the highest temperature in Miami be between 9 mkt=0.04 model=0.09 edge=+0.6% fee=$0.00 => skip $0.00
2026-04-28 23:19:50,751 | WARNING | Ensemble fetch failed for ecmwf_ifs025 la 2026-04-30: HTTPSConnectionPool(host='ensemble-api.open-meteo.com', port=443): Read timed out. (read timeout=15)
2026-04-28 23:20:05,921 | WARNING | Ensemble fetch failed for icon_seamless la 2026-04-30: HTTPSConnectionPool(host='ensemble-api.open-meteo.com', port=443): Read timed out. (read timeout=15)
2026-04-28 23:20:05,922 | INFO | [Los Angeles] Will the highest temperature in Los Angeles be bet mkt=0.03 model=0.00 edge=+2.8% fee=$0.00 => skip $0.00
2026-04-28 23:20:05,922 | INFO | [Los Angeles] Will the highest temperature in Los Angeles be bet mkt=0.03 model=0.00 edge=+2.9% fee=$0.00 => skip $0.00
2026-04-28 23:20:05,922 | INFO | [Los Angeles] Will the highest temperature in Los Angeles be bet mkt=0.11 model=0.03 edge=+7.6% fee=$0.00 => skip $0.00
2026-04-28 23:20:05,922 | INFO | [Los Angeles] Will the highest temperature in Los Angeles be bet mkt=0.35 model=0.71 edge=+32.2% fee=$0.23 => YES $7.07
2026-04-28 23:20:05,922 | INFO | [Los Angeles] Will the highest temperature in Los Angeles be bet mkt=0.26 model=0.23 edge=+2.5% fee=$0.00 => skip $0.00
2026-04-28 23:20:05,922 | INFO | [Los Angeles] Will the highest temperature in Los Angeles be 72° mkt=0.17 model=0.03 edge=+12.4% fee=$0.04 => NO $5.00
2026-04-28 23:20:22,655 | WARNING | Ensemble fetch failed for gfs_seamless denver 2026-04-29: HTTPSConnectionPool(host='ensemble-api.open-meteo.com', port=443): Read timed out. (read timeout=15)
2026-04-28 23:20:37,826 | WARNING | Ensemble fetch failed for ecmwf_ifs025 denver 2026-04-29: HTTPSConnectionPool(host='ensemble-api.open-meteo.com', port=443): Read timed out. (read timeout=15)
2026-04-28 23:20:53,002 | WARNING | Ensemble fetch failed for icon_seamless denver 2026-04-29: HTTPSConnectionPool(host='ensemble-api.open-meteo.com', port=443): Read timed out. (read timeout=15)
2026-04-28 23:21:08,158 | WARNING | Ensemble fetch failed for gfs_seamless denver 2026-04-30: HTTPSConnectionPool(host='ensemble-api.open-meteo.com', port=443): Read timed out. (read timeout=15)
2026-04-28 23:21:23,326 | WARNING | Ensemble fetch failed for ecmwf_ifs025 denver 2026-04-30: HTTPSConnectionPool(host='ensemble-api.open-meteo.com', port=443): Read timed out. (read timeout=15)
2026-04-28 23:21:38,496 | WARNING | Ensemble fetch failed for icon_seamless denver 2026-04-30: HTTPSConnectionPool(host='ensemble-api.open-meteo.com', port=443): Read timed out. (read timeout=15)
2026-04-28 23:21:40,159 | INFO | [Paris] Will the highest temperature in Paris be 21°C on A mkt=0.04 model=0.11 edge=+1.9% fee=$0.00 => skip $0.00
2026-04-28 23:21:40,159 | INFO | [Paris] Will the highest temperature in Paris be 22°C on A mkt=0.18 model=0.35 edge=+12.7% fee=$0.10 => YES $2.49
2026-04-28 23:21:41,829 | INFO | [Seoul] Will the highest temperature in Seoul be 16°C on A mkt=0.12 model=0.34 edge=+17.7% fee=$0.13 => YES $3.02
2026-04-28 23:21:41,829 | INFO | [Seoul] Will the highest temperature in Seoul be 18°C on A mkt=0.17 model=0.18 edge=-3.1% fee=$0.00 => skip $0.00
2026-04-28 23:21:41,829 | INFO | [Seoul] Will the highest temperature in Seoul be 19°C on A mkt=0.23 model=0.22 edge=+0.2% fee=$0.00 => skip $0.00
2026-04-28 23:21:43,509 | INFO | [Shanghai] Will the highest temperature in Shanghai be 16°C o mkt=0.03 model=0.01 edge=+2.5% fee=$0.00 => skip $0.00
2026-04-28 23:21:43,510 | INFO | [Shanghai] Will the highest temperature in Shanghai be 20°C o mkt=0.12 model=0.20 edge=+3.6% fee=$0.00 => skip $0.00
2026-04-28 23:21:43,510 | INFO | [Shanghai] Will the highest temperature in Shanghai be 21°C o mkt=0.07 model=0.06 edge=+0.4% fee=$0.00 => skip $0.00
2026-04-28 23:21:43,510 | INFO | [Shanghai] Will the highest temperature in Shanghai be 23°C o mkt=0.03 model=0.00 edge=+2.4% fee=$0.00 => skip $0.00
2026-04-28 23:21:43,511 | INFO | Weather scan complete. Placed 1 trades.
